Year (year),Month (month),State Name (state_name),State Code (state_code),Assembly No (assembly_no),Assembly Constituency Name (ac_name),Assmebly Constituency Type (ac_type),Candidate Name (candidate_name),Sex (sex),Age (age),Candidate Type (candidate_type),Party (party),Position (position),Assembly Constituency Candidates (ac_total_candidates),Total Electors in Constituency (total_electors),Total Votes Obtained (total_votes),Total Valid Votes (total_valid_votes),Vote Share Percentage (vote_share_percentage),Margin (margin),Margin Percentage (margin_percentage),Turn out Percentage (turnout_percentage),Poll No (poll_no),Delimit Id (delimit_id)
"2009","10","Maharashtra","27","11.0","Hatkanangle","SC","Malage Mangalrao Jinnappa","MALE","55.0","SC","BSP","6.0","6.0","276770.0","5057.0","195076.0","2.59","0.0","0.0","70.48","0.0","4.0"
"2017","12","Gujarat","24","13.0","Somnath","GEN","Chauhan Rafik Husen","MALE","47.0","GEN","IND","12.0","14.0","234979.0","126.0","178377.0","0.07","16.0","0.01","75.91","0.0","4.0"
"2013","12","Madhya Pradesh","23","14.0","Amarpatan","GEN","Jansewak Mohammad Khalil Khan","MALE","40.0","GEN","IND","7.0","12.0","206121.0","1147.0","148589.0","0.77","30.0","0.02","72.09","0.0","4.0"
"2014","12","Jammu And Kashmir","01","10.0","Handwara","GEN","Ajaz Ahmad Sofi","MALE","44.0","GEN","IND","8.0","12.0","89983.0","397.0","67974.0","0.58","7.0","0.01","75.54","0.0","4.0"
"2010","11","Bihar","10","15.0","Garkha","SC","Bhola Ram","MALE","53.0","SC","JPS","9.0","9.0","212209.0","650.0","103630.0","0.63","0.0","0.0","48.83","0.0","4.0"
"2016","5","Tamil Nadu","33","11.0","Tiruvadanai","GEN","Karunaas","MALE","46.0","GEN","AIADMK","1.0","21.0","273644.0","76786.0","186649.0","41.14","8696.0","4.66","68.21","0.0","4.0"
"2018","12","Rajasthan","08","15.0","Shahpura","GEN","Nota","None","","GEN","NOTA","4.0","9.0","208306.0","1432.0","174001.0","0.82","457.0","0.26","83.53","0.0","4.0"
"2012","3","Uttarakhand","05","3.0","Pirankaliyar","GEN","Mohd Iqbal","MALE","48.0","GEN","SP","7.0","16.0","91933.0","192.0","73813.0","0.26","28.0","0.04","80.29","0.0","4.0"
"2012","12","Himachal Pradesh","02","12.0","Nagrota","GEN","Arun Kumar","MALE","48.0","GEN","IND","2.0","8.0","74574.0","20883.0","55257.0","37.79","12090.0","21.88","74.1","0.0","4.0"
"2018","12","Andhra Pradesh","28","2.0","Koratla","GEN","Puppala Limbadri","MALE","","GEN","BSP","6.0","12.0","216038.0","939.0","163866.0","0.57","47.0","0.03","75.85","0.0","4.0"
"2014","5","Andhra Pradesh","28","14.0","Ponnur","GEN","Chavali Edukondalu Yadav","MALE","51.0","GEN","IND","9.0","13.0","208168.0","230.0","176251.0","0.13","20.0","0.01","84.67","0.0","4.0"
"2009","12","Jammu And Kashmir","01","9.0","Bhaderwah","GEN","Sheikh Mujib Ali","None","","GEN","JKNPP","3.0","8.0","93183.0","7146.0","53200.0","13.43","4750.0","8.93","57.09","1.0","4.0"
"2020","11","Bihar","10","17.0","Manjhi","GEN","Dr Satyendra Yadav","MALE","43.0","GEN","CPIM","1.0","17.0","302479.0","59324.0","157930.0","37.56","25386.0","16.07","52.21","0.0","4.0"
"2011","5","Kerala","32","14.0","Kovalam","GEN","Adv George Mercier","MALE","58.0","GEN","INC","2.0","7.0","183616.0","52305.0","125008.0","41.84","43178.0","34.54","68.08","0.0","4.0"
"2012","3","Goa","30","6.0","Siroda","GEN","Vishwas Prabhudesai","MALE","41.0","GEN","IND","3.0","5.0","26030.0","422.0","22984.0","1.84","192.0","0.84","88.3","0.0","4.0"
"2010","11","Bihar","10","15.0","Barbigha","GEN","Ashok Choudhary","MALE","43.0","GEN","INC","2.0","11.0","185487.0","21089.0","92414.0","22.82","940.0","1.02","49.82","0.0","4.0"
"2009","12","Jharkhand","20","2.0","Jamshedpur East","GEN","Abhay Singh","MALE","39.0","GEN","JVM","2.0","15.0","247387.0","33202.0","111679.0","29.73","22258.0","19.93","45.14","0.0","4.0"
"2011","2","West Bengal","19","15.0","Raiganj","GEN","Mohit Sengupta","MALE","60.0","GEN","INC","1.0","7.0","149614.0","62864.0","126506.0","49.69","5409.0","4.28","84.55","0.0","4.0"
"2014","12","Jharkhand","20","3.0","Khunti","ST","Marshal Barla","MALE","40.0","ST","BSP","12.0","12.0","190333.0","1031.0","119825.0","0.86","108.0","0.09","62.96","0.0","4.0"
"2021","5","Puducherry","34","14.0","Lawspet","GEN","C Pandian","MALE","49.0","GEN","IND","9.0","11.0","33225.0","60.0","26245.0","0.23","27.0","0.1","78.99","0.0","4.0"
"2011","5","Tamil Nadu","33","10.0","Velachery","GEN","C M Vijayakumar","MALE","46.0","GEN","PB","9.0","14.0","227249.0","435.0","152364.0","0.29","100.0","0.07","67.05","0.0","4.0"
"2013","12","Mizoram","15","11.0","Lawngtlai East","ST","Nota","None","","ST","NOTA","4.0","3.0","21253.0","86.0","16837.0","0.51","0.0","0.0","79.22","0.0","4.0"
"2015","11","Bihar","10","16.0","Biharsharif","GEN","Nota","None","","GEN","NOTA","4.0","13.0","348565.0","5191.0","178327.0","2.91","2932.0","1.64","51.16","0.0","4.0"
"2009","5","Odisha","21","14.0","Berhampur","GEN","Dr Ramesh Chandra Chyau Patnaik","MALE","65.0","GEN","BJD","1.0","9.0","170830.0","38407.0","82279.0","46.68","3844.0","4.67","48.16","0.0","4.0"
"2011","5","Tamil Nadu","33","10.0","Kancheepuram","GEN","S Magesh","MALE","33.0","GEN","IND","11.0","14.0","237837.0","352.0","192235.0","0.18","56.0","0.03","80.83","0.0","4.0"
"2013","12","Madhya Pradesh","23","14.0","Huzur","GEN","Rajendra Mandloi","MALE","36.0","GEN","INC","2.0","8.0","255309.0","49390.0","166443.0","29.67","46693.0","28.05","65.19","0.0","4.0"
"2020","11","Bihar","10","17.0","Barhampur","GEN","Shambhu Nath Yadav","MALE","56.0","GEN","RJD","1.0","15.0","340864.0","90176.0","185396.0","48.64","51141.0","27.58","54.39","0.0","4.0"
"2012","3","Manipur","14","11.0","Wabgai","GEN","Khomdram Tamphajao","MALE","62.0","GEN","BJP","4.0","4.0","24837.0","125.0","22904.0","0.55","0.0","0.0","92.22","0.0","4.0"
"2019","4","Andhra Pradesh","28","15.0","Tadpatri","GEN","Mamilla. Narayana Swamy.","MALE","49.0","GEN","IND","10.0","11.0","234924.0","229.0","187874.0","0.12","67.0","0.04","79.97","0.0","4.0"
"2018","12","Madhya Pradesh","23","15.0","Rajnagar","GEN","Muhammad Sattar","MALE","","GEN","IND","8.0","13.0","216952.0","1140.0","143862.0","0.79","115.0","0.08","66.31","0.0","4.0"
"2017","3","Uttar Pradesh","09","17.0","Agra Cantonment","SC","Nota","None","","SC","NOTA","5.0","14.0","427523.0","1185.0","252816.0","0.47","40.0","0.02","59.14","0.0","4.0"
"2019","4","Andhra Pradesh","28","15.0","Guntur West","GEN","Venigalla Pushpalatha","FEMALE","61.0","GEN","CPIM","17.0","35.0","265258.0","106.0","174645.0","0.06","6.0","0.0","65.84","0.0","4.0"
"2009","10","Maharashtra","27","11.0","Shahada","ST","Savitri Magan Padvi","FEMALE","30.0","ST","RWS","12.0","14.0","257248.0","755.0","144652.0","0.52","47.0","0.03","56.23","0.0","4.0"
"2014","10","Maharashtra","27","12.0","Sillod","GEN","Kale Dipali Madhukar","FEMALE","27.0","GEN","MNS","4.0","16.0","278474.0","3465.0","209881.0","1.65","344.0","0.16","75.37","0.0","4.0"
"2019","4","Andhra Pradesh","28","15.0","Kurnool","GEN","Venkata Subba Reddy. B","MALE","50.0","GEN","BJP","5.0","29.0","258876.0","1954.0","152659.0","1.28","1254.0","0.82","58.97","0.0","4.0"
"2012","12","Gujarat","24","12.0","Surat North","GEN","Nagori Sidik Dawoodbhai","MALE","52.0","GEN","IND","13.0","16.0","152013.0","124.0","103329.0","0.12","29.0","0.03","67.97","0.0","4.0"
"2020","11","Bihar","10","17.0","Munger","GEN","Awadhesh Kumar Yadav","MALE","60.0","GEN","IND","13.0","16.0","339048.0","285.0","165216.0","0.17","26.0","0.02","48.73","0.0","4.0"
"2017","12","Gujarat","24","13.0","Asarwa","SC","Vaghela Kanubhai Atmaram","MALE","57.0","SC","INC","2.0","9.0","202480.0","37974.0","132571.0","28.64","35184.0","26.54","65.47","0.0","4.0"
"2017","12","Gujarat","24","13.0","Mehemdabad","GEN","Gautambhai Ravjibhai Chauhan","MALE","54.0","GEN","INC","2.0","4.0","226423.0","67993.0","171443.0","39.66","58180.0","33.94","75.72","0.0","4.0"
"2017","3","Uttarakhand","05","4.0","Someshwar","SC","Puran Chandra","MALE","31.0","SC","IND","6.0","6.0","85597.0","263.0","45883.0","0.57","45.0","0.1","53.6","0.0","4.0"
"2011","5","Tamil Nadu","33","10.0","Maduravoyal","GEN","Yosuva P","MALE","52.0","GEN","BSP","5.0","13.0","269513.0","2040.0","185925.0","1.1","498.0","0.27","68.99","0.0","4.0"
"2011","5","Assam","18","13.0","Dholai","SC","Brojendra Das","MALE","35.0","SC","CPI","4.0","8.0","139666.0","2065.0","102881.0","2.01","409.0","0.4","73.66","0.0","4.0"
"2013","5","Karnataka","29","9.0","Tarikere","GEN","Doranalu Suresh","MALE","36.0","GEN","SKP","6.0","16.0","159977.0","2116.0","124727.0","1.7","1138.0","0.91","77.97","0.0","4.0"
"2012","3","Manipur","14","11.0","Bishnupur","GEN","Maisnam Ibopishak","MALE","68.0","GEN","IND","6.0","7.0","27826.0","107.0","24080.0","0.44","44.0","0.18","86.54","0.0","4.0"
"2011","2","West Bengal","19","15.0","Mangalkot","GEN","Apurba Chaudhuri","MALE","41.0","GEN","AITC","2.0","5.0","202627.0","81190.0","175927.0","46.15","73966.0","42.04","86.82","0.0","4.0"
"2018","12","Rajasthan","08","15.0","Sri Ganganagar","GEN","Daya Ram","MALE","","GEN","BLSP","20.0","22.0","219997.0","219.0","169653.0","0.13","42.0","0.02","77.12","0.0","4.0"
"2018","12","Chhattisgarh","22","4.0","Sakti","GEN","Kaleshwar Singh Maravi","MALE","","GEN","GGP","4.0","14.0","196588.0","1202.0","148495.0","0.81","70.0","0.05","75.54","0.0","4.0"
"2021","5","Tamil Nadu","33","12.0","Srivaikuntam","GEN","Ponnudurai I","MALE","26.0","GEN","IND","11.0","21.0","227240.0","297.0","164386.0","0.18","64.0","0.04","72.34","0.0","4.0"
"2017","12","Gujarat","24","13.0","Bhavnagar Rural","GEN","Kantibhai Tapubhai Chauhan","MALE","52.0","GEN","INC","2.0","10.0","258467.0","58562.0","161946.0","36.16","55099.0","34.02","62.66","0.0","4.0"
"2019","10","Maharashtra","27","13.0","Parbhani","GEN","Sk Ali Sk Nabi","MALE","41.0","GEN","IND","16.0","16.0","306460.0","243.0","192260.0","0.13","0.0","0.0","62.74","0.0","4.0"
"2016","5","Tamil Nadu","33","11.0","Veppanahalli","GEN","Madhu A V M Hemnath M","MALE","41.0","GEN","AIADMK","2.0","18.0","228145.0","83724.0","193325.0","43.31","78248.0","40.47","84.74","0.0","4.0"
"2016","5","Tamil Nadu","33","11.0","Mettur","GEN","Karunakaran M V","MALE","74.0","GEN","GPI","19.0","24.0","263189.0","268.0","207574.0","0.13","30.0","0.01","78.87","0.0","4.0"
"2015","11","Bihar","10","16.0","Bihariganj","GEN","Mithilesh Kumar Mehta","MALE","47.0","GEN","JMM","12.0","15.0","284140.0","1292.0","173137.0","0.75","5.0","0.0","60.93","0.0","4.0"
"2014","5","Telangana","36","1.0","Huzurnagar","GEN","Tanneru Venkateshwarlu","MALE","34.0","GEN","AAAP","8.0","9.0","220141.0","462.0","179438.0","0.26","57.0","0.03","81.51","0.0","4.0"
"2014","12","Jammu And Kashmir","01","10.0","Sonawar","GEN","Mohammad Younus Najar","MALE","26.0","GEN","RAJPA","8.0","14.0","77512.0","410.0","34107.0","1.2","105.0","0.31","44.0","0.0","4.0"
"2017","3","Uttar Pradesh","09","17.0","Muradnagar","GEN","Sudhan Kumar","MALE","50.0","GEN","BSP","2.0","14.0","419254.0","51147.0","253532.0","20.17","1158.0","0.46","60.47","0.0","4.0"
"2018","12","Telangana","36","2.0","Mahabubabad","ST","Daramsothu Narayana Singh","MALE","","ST","IND","8.0","11.0","216605.0","1030.0","184940.0","0.56","95.0","0.05","85.38","0.0","4.0"
"2018","5","Karnataka","29","10.0","Bhalki","GEN","Vaijinath Shapure","MALE","","GEN","IND","6.0","11.0","222472.0","577.0","167058.0","0.35","109.0","0.07","75.09","0.0","4.0"
"2009","10","Maharashtra","27","11.0","Wani","GEN","Aabid Husain Jahid Husen","MALE","51.0","GEN","IND","14.0","14.0","247076.0","355.0","174289.0","0.2","0.0","0.0","70.54","0.0","4.0"
"2012","3","Uttar Pradesh","09","16.0","Bara","SC","Rajmani","MALE","39.0","SC","RJPK","19.0","23.0","292265.0","568.0","172634.0","0.33","4.0","0.0","59.07","0.0","4.0"
"2016","5","Assam","18","14.0","Titabar","GEN","Tarun Gogoi","MALE","79.0","GEN","INC","1.0","6.0","136227.0","62025.0","113504.0","54.65","17495.0","15.41","83.32","0.0","4.0"
"2021","5","Assam","18","15.0","Gossalgaon","GEN","Nota","None","","GEN","NOTA","6.0","11.0","186872.0","1801.0","155796.0","1.16","389.0","0.25","83.37","0.0","4.0"
"2018","5","Karnataka","29","10.0","Jevargi","GEN","Kedarlingayya Hiremath","MALE","","GEN","JD(S)","3.0","11.0","231847.0","35691.0","161746.0","22.07","34381.0","21.26","69.76","0.0","4.0"
"2014","10","Maharashtra","27","12.0","Kalwan","ST","Arjun Tulshiram Pawar","MALE","77.0","ST","NCP","2.0","7.0","241613.0","63009.0","174889.0","36.03","37552.0","21.47","72.38","0.0","4.0"
"2021","5","West Bengal","19","17.0","Tapan","ST","Nota","None","","ST","NOTA","5.0","7.0","222777.0","1703.0","186309.0","0.91","388.0","0.21","83.63","0.0","4.0"
"2016","5","Tamil Nadu","33","11.0","Madurai West","GEN","Thalapathi G","MALE","60.0","GEN","DMK","2.0","20.0","280863.0","66131.0","184180.0","35.91","46140.0","25.05","65.58","0.0","4.0"
"2020","11","Bihar","10","17.0","Bodh Gaya","SC","Sanjay Kumar Choudhary","MALE","37.0","SC","BHULKD","10.0","18.0","315397.0","1998.0","193434.0","1.03","79.0","0.04","61.33","0.0","4.0"
"2016","5","Tamil Nadu","33","11.0","Nagercoil","GEN","Kathiresan R","MALE","63.0","GEN","GMI","14.0","19.0","263633.0","154.0","173324.0","0.09","7.0","0.0","65.74","0.0","4.0"
"2011","5","Tamil Nadu","33","10.0","Tiruttani","GEN","Raman E S S","MALE","56.0","GEN","INC","2.0","13.0","236733.0","71988.0","191237.0","37.64","62228.0","32.54","80.78","0.0","4.0"
"2012","3","Uttar Pradesh","09","16.0","Captainganj","GEN","Chhakkan Ram","MALE","48.0","GEN","KrSaP","12.0","15.0","313448.0","584.0","186992.0","0.31","102.0","0.05","59.66","0.0","4.0"
"2018","12","Rajasthan","08","15.0","Sadulshahar","GEN","Om Bishnoi","MALE","","GEN","IND","3.0","11.0","216527.0","36767.0","184756.0","19.9","34165.0","18.49","85.33","0.0","4.0"
"2021","5","Tamil Nadu","33","12.0","Palacode","GEN","Rajasekar D","MALE","46.0","GEN","MNM","6.0","12.0","236459.0","1176.0","206595.0","0.57","591.0","0.29","87.37","0.0","4.0"
"2019","4","Andhra Pradesh","28","15.0","Salur","ST","R. P. Bhanj Deo","MALE","64.0","ST","TDP","2.0","9.0","190936.0","58401.0","151713.0","38.49","53527.0","35.28","79.46","0.0","4.0"
"2012","12","Himachal Pradesh","02","12.0","Sujanpur","GEN","Parveen Kumar","MALE","46.0","GEN","BSP","4.0","7.0","65006.0","258.0","44847.0","0.58","21.0","0.05","68.99","0.0","4.0"
"2011","5","Assam","18","13.0","Hajo","GEN","Pranabjyoti Bharali","MALE","30.0","GEN","IND","8.0","8.0","138141.0","471.0","108312.0","0.43","0.0","0.0","78.41","0.0","4.0"
"2021","5","Tamil Nadu","33","12.0","Gingee","GEN","Nota","None","","GEN","NOTA","5.0","13.0","264518.0","2279.0","206880.0","1.1","128.0","0.06","78.21","0.0","4.0"
"2016","5","Kerala","32","15.0","Eranakulam","GEN","Anilkumar Puliyoth","MALE","48.0","GEN","IND","9.0","8.0","154092.0","114.0","110508.0","0.1","0.0","0.0","71.72","0.0","4.0"
"2019","4","Andhra Pradesh","28","15.0","Kadapa","GEN","Akber Mabasha","MALE","59.0","GEN","AYSRCP","13.0","16.0","265211.0","91.0","166688.0","0.05","0.0","0.0","62.85","0.0","4.0"
"2011","5","Kerala","32","14.0","Thrissur","GEN","Adv Therambil Ramakrishnan","MALE","69.0","GEN","INC","1.0","5.0","161886.0","59991.0","112794.0","53.19","16169.0","14.33","69.67","0.0","4.0"
"2014","10","Maharashtra","27","12.0","Ghansawangi","GEN","Rajeshbhaiyya Tope","MALE","45.0","GEN","NCP","1.0","14.0","283562.0","98030.0","213662.0","45.88","43476.0","20.35","75.35","0.0","4.0"
"2016","5","Tamil Nadu","33","11.0","Perambur","GEN","S Mohan","MALE","47.0","GEN","IND","19.0","33.0","290522.0","158.0","188681.0","0.08","0.0","0.0","64.95","0.0","4.0"
"2012","12","Himachal Pradesh","02","12.0","Barsar","GEN","Piar Singh Bhogal","MALE","47.0","GEN","IND","7.0","7.0","75582.0","134.0","51040.0","0.26","0.0","0.0","67.53","0.0","4.0"
"2020","11","Bihar","10","17.0","Warsaliganj","GEN","Rajendra Prasad","MALE","60.0","GEN","RLSP","4.0","11.0","351015.0","4755.0","171126.0","2.78","745.0","0.44","48.75","0.0","4.0"
"2012","3","Uttar Pradesh","09","16.0","Harraiya","GEN","Ajay Kumar","MALE","37.0","GEN","INC","3.0","16.0","330223.0","25607.0","194826.0","13.14","14955.0","7.68","59.0","0.0","4.0"
"2018","12","Madhya Pradesh","23","15.0","Ujjain North","GEN","Vinod Sharma","MALE","","GEN","AAAP","8.0","9.0","217872.0","287.0","147207.0","0.19","96.0","0.07","67.57","0.0","4.0"
"2014","10","Haryana","06","12.0","Gharaunda","GEN","Harvinder Kalyan","MALE","47.0","GEN","BJP","1.0","14.0","192125.0","55247.0","155576.0","35.51","17883.0","11.49","80.98","0.0","4.0"
"2021","5","Kerala","32","16.0","Ottapalam","GEN","Adv K Premkumar","MALE","42.0","GEN","CPM","1.0","4.0","212697.0","74859.0","161161.0","46.45","15152.0","9.4","75.77","0.0","4.0"
"2018","5","Karnataka","29","10.0","Mulbagal","SC","C V Gopal","MALE","","SC","IND","33.0","39.0","201019.0","129.0","164490.0","0.08","12.0","0.01","81.83","0.0","4.0"
"2011","5","Kerala","32","14.0","Idukki","GEN","P C Prabhakaran","MALE","69.0","GEN","IND","5.0","7.0","169984.0","325.0","119773.0","0.27","99.0","0.08","70.46","0.0","4.0"
"2015","11","Bihar","10","16.0","Manihari","ST","Prabhulal Uraon","MALE","57.0","ST","SDPI","12.0","18.0","247621.0","1817.0","159465.0","1.14","38.0","0.02","64.4","0.0","4.0"
"2013","12","Chhattisgarh","22","3.0","Bemetara","GEN","Sanjay Mishra","MALE","43.0","GEN","IND","7.0","17.0","197852.0","2421.0","156942.0","1.54","872.0","0.56","79.32","0.0","4.0"
"2009","5","Odisha","21","14.0","Chhendipada","SC","Mili Naik","FEMALE","27.0","SC","RPI(A)","5.0","5.0","172675.0","2196.0","119886.0","1.83","0.0","0.0","69.43","0.0","4.0"
"2015","11","Bihar","10","16.0","Amarpur","GEN","Manoj Kumar Azad","MALE","46.0","GEN","IND","10.0","14.0","276830.0","619.0","153925.0","0.4","73.0","0.05","55.6","0.0","4.0"
"2018","12","Chhattisgarh","22","4.0","Pandariya","GEN","Motiram Chandravanshi","MALE","","GEN","BJP","2.0","12.0","279459.0","64420.0","217548.0","29.61","30873.0","14.19","77.85","0.0","4.0"
"2009","10","Maharashtra","27","11.0","Miraj","SC","Kadam Shamrao Piraji","MALE","65.0","SC","IND","21.0","22.0","274422.0","256.0","172066.0","0.15","43.0","0.02","62.7","0.0","4.0"
"2011","5","Tamil Nadu","33","10.0","Udumalpet","GEN","Viswanathan M","MALE","42.0","GEN","BJP","3.0","7.0","200450.0","3817.0","156845.0","2.43","1414.0","0.9","78.25","0.0","4.0"
"2020","11","Bihar","10","17.0","Raghopur","GEN","Nota","None","","GEN","NOTA","4.0","15.0","344369.0","4458.0","199853.0","2.23","977.0","0.49","58.03","0.0","4.0"
"2019","10","Maharashtra","27","13.0","Mira Bhayandar","GEN","Faheem Ahmed Shaikh","MALE","26.0","GEN","NAP","10.0","13.0","437178.0","515.0","211636.0","0.24","337.0","0.16","48.41","0.0","4.0"
"2021","5","Kerala","32","16.0","Chelakkara","SC","Shajumon Vattekkad","MALE","46.0","SC","BJP","3.0","4.0","201703.0","24045.0","153315.0","15.68","22925.0","14.95","76.01","0.0","4.0"
"2019","4","Andhra Pradesh","28","15.0","Hindupur","GEN","Nandamuri Balakrishna","MALE","58.0","GEN","TDP","1.0","12.0","229340.0","91704.0","178167.0","51.47","17028.0","9.56","77.69","0.0","4.0"
"2012","3","Punjab","03","14.0","Abohar","GEN","Shiv Lal Doda","MALE","43.0","GEN","IND","2.0","12.0","146747.0","45825.0","114869.0","39.89","36574.0","31.84","78.28","0.0","4.0"
"2019","10","Haryana","06","13.0","Hodal","SC","Nota","None","","SC","NOTA","6.0","15.0","178516.0","570.0","121981.0","0.47","217.0","0.18","68.33","0.0","4.0"
"2011","2","West Bengal","19","15.0","Ranibundh","ST","Debalina Hembram","FEMALE","49.0","ST","CPM","1.0","7.0","200986.0","75388.0","170373.0","44.25","6859.0","4.03","84.77","0.0","4.0"
"2017","3","Uttar Pradesh","09","17.0","Bilaur","SC","Surendra Singh","MALE","45.0","SC","BSRD","7.0","9.0","377575.0","858.0","240684.0","0.36","77.0","0.03","63.74","0.0","4.0"
"2018","12","Madhya Pradesh","23","15.0","Shujalpur","GEN","Ramveer Singh Sikarwar","MALE","","GEN","INC","2.0","10.0","195473.0","73329.0","160763.0","45.61","71283.0","44.34","82.24","0.0","4.0"
"2015","11","Bihar","10","16.0","Chainpur","GEN","Alok Kumar Singh","MALE","42.0","GEN","SP","4.0","14.0","288540.0","12802.0","177671.0","7.21","9394.0","5.29","61.58","0.0","4.0"
"2017","12","Gujarat","24","13.0","Palanpur","GEN","Foshi Shivrambhai Maganbhai","MALE","57.0","GEN","NCP","4.0","14.0","251161.0","1057.0","175661.0","0.6","1.0","0.0","69.94","0.0","4.0"
"2014","10","Haryana","06","12.0","Gurgaon","GEN","Dharam Vir","MALE","43.0","GEN","BSP","6.0","18.0","296372.0","3923.0","189965.0","2.07","1747.0","0.92","64.1","0.0","4.0"
"2013","12","Madhya Pradesh","23","14.0","Vijayraghavgarh","GEN","Mathura Prasad","MALE","46.0","GEN","IND","7.0","10.0","195183.0","1948.0","150526.0","1.29","726.0","0.48","77.12","0.0","4.0"
"2017","3","Uttar Pradesh","09","17.0","Mahadeva","SC","Devi Prasad","MALE","39.0","SC","IND","8.0","9.0","341194.0","713.0","199317.0","0.36","167.0","0.08","58.42","0.0","4.0"
"2018","12","Andhra Pradesh","28","2.0","Malkajgiri","GEN","R Vishnu Vardhan","MALE","","GEN","AAAP","20.0","42.0","393679.0","237.0","209499.0","0.11","11.0","0.01","53.22","0.0","4.0"
"2013","12","Rajasthan","08","14.0","Amber","GEN","Ummed Singh Budthal","MALE","61.0","GEN","IND","6.0","14.0","207147.0","3016.0","163666.0","1.84","512.0","0.31","79.01","0.0","4.0"
"2017","3","Uttar Pradesh","09","17.0","Barhapur","GEN","Kulveer Singh","MALE","62.0","GEN","IND","6.0","22.0","338100.0","3164.0","222149.0","1.42","1578.0","0.71","65.71","0.0","4.0"
"2013","5","Karnataka","29","9.0","Chickpet","GEN","Ambrose D Mello","MALE","45.0","GEN","IND","12.0","16.0","187694.0","133.0","108814.0","0.12","20.0","0.02","57.97","0.0","4.0"
"2014","5","Andhra Pradesh","28","1.0","Peddapalle","GEN","Kondra Enock","MALE","51.0","GEN","ICSP","13.0","13.0","221013.0","278.0","167829.0","0.17","21.0","0.01","75.94","0.0","4.0"
"2016","5","West Bengal","19","16.0","Taldangra","GEN","Pandab Saren","MALE","45.0","GEN","IND","8.0","8.0","211526.0","1131.0","183441.0","0.62","34.0","0.02","86.72","0.0","4.0"
"2019","10","Maharashtra","27","13.0","Katol","GEN","Anil Deshmukh","MALE","69.0","GEN","NCP","1.0","11.0","272288.0","96842.0","190017.0","50.96","17057.0","8.98","69.79","0.0","4.0"
"2013","2","Meghalaya","17","9.0","Dadenggre","ST","Rohidas Marak","MALE","56.0","ST","NCP","6.0","6.0","24618.0","290.0","22477.0","1.29","0.0","0.0","91.3","0.0","4.0"
"2018","12","Telangana","36","2.0","Mahbubnagar","GEN","Mudavath Ravi Naik","MALE","","GEN","IND","9.0","14.0","212851.0","513.0","159661.0","0.32","149.0","0.09","75.01","0.0","4.0"
"2014","5","Odisha","21","15.0","Umarkote","ST","Dambarudhar Majhi","MALE","32.0","ST","IND","8.0","7.0","174212.0","2507.0","135943.0","1.84","0.0","0.0","78.03","0.0","4.0"
"2012","3","Uttar Pradesh","09","16.0","Khurja","SC","Sushil","MALE","31.0","SC","BSP(A)","7.0","16.0","326538.0","1015.0","209860.0","0.48","177.0","0.08","64.27","0.0","4.0"
"2016","5","West Bengal","19","16.0","Maldaha","SC","Madhumoy Sarkar","MALE","38.0","SC","IND","7.0","7.0","211279.0","1944.0","182484.0","1.07","566.0","0.31","86.37","0.0","4.0"
"2013","5","Karnataka","29","9.0","Davanagere North","GEN","S S Mallikarjuna","MALE","45.0","GEN","INC","1.0","19.0","208005.0","88101.0","134450.0","65.53","57280.0","42.6","64.64","0.0","4.0"
"2020","2","Delhi","07","11.0","Rohtas Nagar","GEN","Trivender","MALE","38.0","GEN","BSP","4.0","10.0","210943.0","619.0","142227.0","0.44","106.0","0.07","67.42","0.0","4.0"
"2013","5","Karnataka","29","9.0","Kanakagiri","SC","M Yesappa","MALE","33.0","SC","CPI(ML)(L)","14.0","15.0","183620.0","560.0","135446.0","0.41","2.0","0.0","73.76","0.0","4.0"
"2019","10","Maharashtra","27","13.0","Shrivardhan","GEN","Akmal Aslam Quadiri","MALE","33.0","GEN","IUML","13.0","15.0","257600.0","330.0","157248.0","0.21","49.0","0.03","61.04","0.0","4.0"
"2009","5","Andhra Pradesh","28","13.0","Wyra","ST","Banoth Vani Kumari","FEMALE","44.0","ST","PRAP","3.0","13.0","149359.0","16585.0","127094.0","13.05","11034.0","8.68","85.09","0.0","4.0"
"2014","10","Haryana","06","12.0","Samalkha","GEN","Ravinder Machhrouli","MALE","42.0","GEN","IND","1.0","13.0","184208.0","53294.0","150459.0","35.42","20373.0","13.54","81.68","0.0","4.0"
"2012","3","Punjab","03","14.0","Ludhiana North","GEN","Rakesh Garg","MALE","33.0","GEN","IND","6.0","12.0","161339.0","524.0","111194.0","0.47","43.0","0.04","68.92","0.0","4.0"
"2011","5","Puducherry","34","12.0","Oussudu","SC","S T Cale","MALE","38.0","SC","PB","5.0","7.0","24770.0","77.0","22672.0","0.34","10.0","0.04","91.53","0.0","4.0"
"2016","5","West Bengal","19","16.0","Singur","GEN","Rabindranath Bhattacharya E","MALE","83.0","GEN","AITC","1.0","6.0","231103.0","96212.0","195444.0","49.23","20327.0","10.4","84.57","0.0","4.0"
"2015","11","Bihar","10","16.0","Hathua","GEN","Dr Shashi Bhushan Rai","MALE","31.0","GEN","IND","4.0","15.0","273416.0","4333.0","158595.0","2.73","306.0","0.19","58.01","0.0","4.0"
"2018","12","Madhya Pradesh","23","15.0","Sidhi","GEN","Nota","None","","GEN","NOTA","7.0","12.0","223754.0","2823.0","152990.0","1.85","1102.0","0.72","68.37","0.0","4.0"
"2014","5","Andhra Pradesh","28","14.0","Madanapalle","GEN","Uppu.Suresh","MALE","39.0","GEN","IND","20.0","19.0","241094.0","155.0","168986.0","0.09","0.0","0.0","70.09","0.0","4.0"
"2014","10","Maharashtra","27","12.0","Deglur","SC","Gawande Subhash Babarao","MALE","34.0","SC","BBM","14.0","16.0","290397.0","468.0","170479.0","0.27","34.0","0.02","58.71","0.0","4.0"
"2010","11","Bihar","10","15.0","Ziradei","GEN","Binay Kumar Singh Bihari Bhaiya","MALE","50.0","GEN","INC","16.0","29.0","198655.0","1495.0","108043.0","1.38","46.0","0.04","54.39","0.0","4.0"
"2019","10","Maharashtra","27","13.0","Wadala","GEN","Laxman Kashinath Pawar","MALE","59.0","GEN","IND","4.0","7.0","203776.0","6544.0","108600.0","6.03","3112.0","2.87","53.29","0.0","4.0"
"2015","11","Bihar","10","16.0","Sultanganj","GEN","Arun Kumar Singh","MALE","71.0","GEN","IND","11.0","12.0","309131.0","1843.0","154726.0","1.19","640.0","0.41","50.05","0.0","4.0"
"2021","5","Tamil Nadu","33","12.0","Thousand Lights","GEN","Domnic A","MALE","40.0","GEN","Nam India Naam Indiyar Katchi","11.0","20.0","241671.0","72.0","135940.0","0.05","6.0","0.0","56.25","0.0","4.0"
"2017","12","Gujarat","24","13.0","Chhota Udaipur","ST","Nota","None","","ST","NOTA","3.0","4.0","241734.0","5870.0","163202.0","3.6","1319.0","0.81","67.51","0.0","4.0"
"2012","12","Gujarat","24","12.0","Thakkarbapa Nagar","GEN","Koyani Manubhai Vallabhabhai","MALE","44.0","GEN","IND","10.0","10.0","205544.0","245.0","140817.0","0.17","0.0","0.0","68.51","0.0","4.0"
"2013","12","Madhya Pradesh","23","14.0","Sardarpur","ST","Rukhama Boradi","FEMALE","26.0","ST","IND","7.0","6.0","189462.0","1186.0","130290.0","0.91","0.0","0.0","68.77","0.0","4.0"
"2010","11","Bihar","10","15.0","Baisi","GEN","Mojim","MALE","52.0","GEN","IND","7.0","8.0","190599.0","1251.0","122604.0","1.02","22.0","0.02","64.33","0.0","4.0"
"2014","5","Telangana","36","1.0","Bhupalpalle","GEN","Maheshwarapu Gattaiah","MALE","45.0","GEN","LSP","11.0","12.0","237803.0","373.0","189612.0","0.2","105.0","0.06","79.73","0.0","4.0"
"2019","12","Jharkhand","20","4.0","Chattarpur","SC","Radha Krishana Kishore","MALE","61.0","SC","AJSUP","3.0","13.0","263916.0","16018.0","162802.0","9.84","496.0","0.3","61.69","0.0","4.0"
"2013","2","Nagaland","13","12.0","Akuluto","ST","Khekaho","MALE","44.0","ST","INC","1.0","2.0","10726.0","6070.0","10157.0","59.76","1983.0","19.52","94.7","0.0","4.0"
"2019","4","Andhra Pradesh","28","15.0","Singanamala","SC","Midde Ravindra Babu","MALE","50.0","SC","BSP","5.0","10.0","235435.0","1358.0","197466.0","0.69","312.0","0.16","83.87","0.0","4.0"
"2017","3","Uttar Pradesh","09","17.0","Pharenda","GEN","Vijay Singh","MALE","51.0","GEN","RLD","4.0","12.0","333601.0","2742.0","198945.0","1.38","750.0","0.38","59.64","0.0","4.0"
"2017","12","Himachal Pradesh","02","13.0","Jubbal-Kotkhai","GEN","Narinder Bragta","MALE","65.0","GEN","BJP","1.0","3.0","67289.0","27466.0","54529.0","50.37","1062.0","1.95","81.04","0.0","4.0"
"2009","5","Andhra Pradesh","28","13.0","Mummidivaram","GEN","P.V.Chakravarthi","MALE","54.0","SC","RPI","11.0","16.0","192208.0","556.0","153269.0","0.36","46.0","0.03","79.74","0.0","4.0"
"2021","5","Tamil Nadu","33","12.0","Madathukulam","GEN","C Shanmugavelu","MALE","71.0","GEN","AMMK","3.0","15.0","251072.0","6515.0","181902.0","3.58","270.0","0.15","72.45","0.0","4.0"
"2013","12","Rajasthan","08","14.0","Jodhpur","GEN","Sher Singh","MALE","27.0","GEN","BSP","6.0","13.0","180742.0","529.0","117608.0","0.45","58.0","0.05","65.07","0.0","4.0"
"2015","11","Bihar","10","16.0","Phulparas","GEN","Durganand Mandal","MALE","58.0","GEN","BSP","8.0","12.0","301379.0","2626.0","158555.0","1.66","515.0","0.32","52.61","0.0","4.0"
"2012","3","Uttar Pradesh","09","16.0","Atraulia","GEN","Anil Kumar","MALE","35.0","GEN","JD(U)","8.0","14.0","323579.0","1147.0","186390.0","0.62","120.0","0.06","57.6","0.0","4.0"
"2009","5","Andhra Pradesh","28","13.0","Tiruvuru","SC","Dirisam Padma Jyothi","FEMALE","39.0","SC","INC","1.0","16.0","179958.0","63624.0","147295.0","43.19","265.0","0.18","81.85","0.0","4.0"
"2016","5","Assam","18","14.0","Mankachar","GEN","Dr Motiur Rohman Mondal","MALE","66.0","GEN","INC","1.0","8.0","182791.0","54181.0","171625.0","31.57","4313.0","2.51","93.89","0.0","4.0"
"2016","12","Madhya Pradesh","23","14.0","Ghodadongri","ST","Barati Lal Uikey","FEMALE","","ST","BMP(S)","6.0","7.0","205683.0","754.0","159122.0","0.47","293.0","0.18","77.36","1.0","4.0"
"2019","4","Andhra Pradesh","28","15.0","Vijayawada Central","GEN","Bonda Umamaheswara Rao","MALE","53.0","GEN","TDP","2.0","18.0","269912.0","70696.0","178013.0","39.71","41363.0","23.24","65.95","0.0","4.0"
"2018","12","Telangana","36","2.0","Makthal","GEN","G Venkatram Reddy","MALE","","GEN","BJLP","8.0","10.0","211358.0","1190.0","164943.0","0.72","79.0","0.05","78.04","0.0","4.0"
"2014","5","Sikkim","11","8.0","Khamdong-Singtam","GEN","Punya Prasad Koirala","MALE","44.0","GEN","INC","5.0","4.0","11444.0","87.0","9604.0","0.91","0.0","0.0","83.92","0.0","4.0"
"2019","10","Maharashtra","27","13.0","Karvir","GEN","Mane Arvind Bhiva","MALE","52.0","GEN","IND","7.0","9.0","304044.0","367.0","256413.0","0.14","33.0","0.01","84.33","0.0","4.0"
"2021","5","Tamil Nadu","33","12.0","Kanniyakumari","GEN","Sasikala R","FEMALE","39.0","GEN","NTK","3.0","13.0","299074.0","14140.0","224874.0","6.29","11034.0","4.91","75.19","0.0","4.0"
"2017","12","Gujarat","24","13.0","Gondal","GEN","Jadeja Omdevsinh Prabhatsinh","MALE","41.0","GEN","NCP","3.0","12.0","213031.0","6004.0","139875.0","4.29","3409.0","2.44","65.66","0.0","4.0"
"2012","3","Uttar Pradesh","09","16.0","Noida","GEN","Ashish Kapur","MALE","39.0","GEN","IND","22.0","29.0","428259.0","200.0","209705.0","0.1","30.0","0.01","48.97","0.0","4.0"
"2009","5","Odisha","21","14.0","Begunia","GEN","Bhikari Charan Sahoo","MALE","43.0","GEN","IND","6.0","10.0","188949.0","1903.0","117108.0","1.62","906.0","0.77","61.98","0.0","4.0"
"2021","5","Kerala","32","16.0","Aranmula","GEN","Arjunan C K","MALE","52.0","GEN","IND","10.0","9.0","247274.0","67.0","161866.0","0.04","0.0","0.0","65.46","0.0","4.0"
"2012","3","Uttar Pradesh","09","16.0","Shivpur","GEN","Equbal Alias Iqubal Faruqi","MALE","37.0","GEN","AD","5.0","15.0","292562.0","13565.0","184165.0","7.37","1097.0","0.6","62.95","0.0","4.0"
"2012","3","Uttarakhand","05","3.0","Gangotri","GEN","Hukam Singh","MALE","60.0","GEN","BSP","7.0","10.0","71433.0","1080.0","50446.0","2.14","496.0","0.98","70.62","0.0","4.0"
"2014","5","Odisha","21","15.0","Patkura","GEN","Jayanta Kumar Mohanty","MALE","43.0","GEN","INC","2.0","10.0","227826.0","42138.0","159260.0","26.46","20550.0","12.9","69.9","0.0","4.0"
"2019","12","Jharkhand","20","4.0","Ichagarh","GEN","Pramod Kumar Singh","MALE","39.0","GEN","IND","25.0","32.0","260120.0","658.0","196729.0","0.33","109.0","0.06","75.63","0.0","4.0"
"2018","3","Meghalaya","17","10.0","Umsning","ST","Jason Sawkmie Mawlong","MALE","28.0","ST","PDF","1.0","6.0","32111.0","9238.0","27876.0","33.14","70.0","0.25","86.81","0.0","4.0"
"2019","4","Andhra Pradesh","28","15.0","Adoni","GEN","A. Noor Ahmed","MALE","42.0","GEN","IND","9.0","12.0","240234.0","253.0","157298.0","0.16","51.0","0.03","65.48","0.0","4.0"
"2014","10","Maharashtra","27","12.0","Sawantwadi","GEN","Jadhav Vasudev Sitaram","MALE","33.0","GEN","BSP","8.0","10.0","220928.0","790.0","145874.0","0.54","95.0","0.07","66.03","0.0","4.0"
"2018","12","Madhya Pradesh","23","15.0","Lahar","GEN","Ambrish Sharma Guddu","MALE","","GEN","BSP","3.0","22.0","243306.0","31367.0","154845.0","20.26","29802.0","19.25","63.64","0.0","4.0"
"2011","5","Kerala","32","14.0","Vamanapuram","GEN","Irinchayam Suresh","MALE","38.0","GEN","IND","7.0","9.0","174408.0","437.0","123376.0","0.35","162.0","0.13","70.74","0.0","4.0"
"2019","4","Sikkim","11","9.0","West Penda","SC","Nota","None","","SC","NOTA","5.0","9.0","14984.0","83.0","11683.0","0.71","19.0","0.16","77.97","0.0","4.0"
"2015","11","Bihar","10","16.0","Bikram","GEN","Shatrudhan Sah","MALE","47.0","GEN","IND","17.0","19.0","292531.0","464.0","172838.0","0.27","36.0","0.02","59.08","0.0","4.0"
"2019","10","Maharashtra","27","13.0","Shrivardhan","GEN","Danish Naeem Lambe","MALE","38.0","GEN","IND","10.0","15.0","257600.0","443.0","157248.0","0.28","42.0","0.03","61.04","0.0","4.0"
"2009","5","Andhra Pradesh","28","13.0","Medak","GEN","Beesa Shiva Kumar","MALE","29.0","GEN","IND","5.0","13.0","199047.0","3903.0","150882.0","2.59","519.0","0.34","75.8","0.0","4.0"
"2018","12","Rajasthan","08","15.0","Anta","GEN","Bhuvnesh Nagar","MALE","","GEN","IND","7.0","7.0","207844.0","796.0","167249.0","0.48","422.0","0.25","80.47","0.0","4.0"
"2018","12","Mizoram","15","12.0","Mamit","ST","John Rotluangliana","MALE","","ST","INC","2.0","7.0","","6467.0","19426.0","33.29","1939.0","9.98","","0.0","4.0"
"2013","5","Karnataka","29","9.0","Malavalli","SC","M Mahesha","MALE","32.0","SC","LJP","12.0","14.0","230524.0","570.0","172550.0","0.33","185.0","0.11","74.85","0.0","4.0"
"2017","3","Uttar Pradesh","09","17.0","Jagdishpur","SC","Radhey Shyam","MALE","47.0","SC","INC","2.0","9.0","361709.0","67619.0","192972.0","35.04","36281.0","18.8","53.35","0.0","4.0"
"2014","10","Maharashtra","27","12.0","Kalyan Rural","GEN","Rohidas Bama Munde","MALE","34.0","GEN","IND","7.0","12.0","349261.0","1401.0","167496.0","0.84","483.0","0.29","47.96","0.0","4.0"
"2014","5","Odisha","21","15.0","Kendrapara","SC","Sunakar Behera","MALE","44.0","SC","BJP","3.0","8.0","197704.0","9981.0","138583.0","7.2","8336.0","6.02","70.1","0.0","4.0"
"2017","3","Uttar Pradesh","09","17.0","Dataganj","GEN","Rajkumar","MALE","39.0","GEN","BHABHAPA","13.0","12.0","389734.0","746.0","224822.0","0.33","0.0","0.0","57.69","0.0","4.0"
"2015","11","Bihar","10","16.0","Chapra","GEN","Vinod Kumar Tiwary","MALE","42.0","GEN","IND","8.0","14.0","305079.0","1092.0","158247.0","0.69","320.0","0.2","51.87","0.0","4.0"
"2015","11","Bihar","10","16.0","Begusarai","GEN","Amarjeet Sah","MALE","27.0","GEN","IND","7.0","12.0","311575.0","1250.0","169726.0","0.74","120.0","0.07","54.47","0.0","4.0"
"2012","3","Uttar Pradesh","09","16.0","Varanasi North","GEN","Nawab Achchhe Mirza Alias Jabbu Hasan","MALE","58.0","GEN","LPSP","9.0","28.0","346724.0","743.0","181126.0","0.41","18.0","0.01","52.24","0.0","4.0"
"2010","11","Bihar","10","15.0","Marhaura","GEN","Lal Babu Ray","MALE","47.0","GEN","JD(U)","2.0","29.0","187178.0","20750.0","99365.0","20.88","6408.0","6.45","53.09","0.0","4.0"
"2014","10","Haryana","06","12.0","Panchkula","GEN","Harender Singh","MALE","48.0","GEN","IND","8.0","17.0","195974.0","834.0","128778.0","0.65","242.0","0.19","65.71","0.0","4.0"
"2016","5","Puducherry","34","13.0","Raj Bhavan","GEN","B J Wilson","MALE","76.0","GEN","IND","12.0","11.0","25713.0","23.0","19997.0","0.12","0.0","0.0","77.77","0.0","4.0"
"2014","5","Andhra Pradesh","28","1.0","Uppal","GEN","Anil Kumar","MALE","39.0","GEN","IND","20.0","27.0","454734.0","267.0","225935.0","0.12","1.0","0.0","49.69","0.0","4.0"
"2016","5","West Bengal","19","16.0","Jangipur","GEN","Md Saifuddin Saikh","MALE","54.0","GEN","SP","10.0","11.0","214445.0","672.0","179588.0","0.37","182.0","0.1","83.75","0.0","4.0"
"2012","3","Goa","30","6.0","Cumbarjua","GEN","Pandurang A Madkaikar","MALE","47.0","GEN","INC","1.0","5.0","23757.0","9556.0","19817.0","48.22","1575.0","7.95","83.42","0.0","4.0"
"2016","5","Assam","18","14.0","Naharkatia","GEN","Sadananda Das","MALE","48.0","GEN","JNCP","7.0","6.0","117877.0","697.0","98504.0","0.71","0.0","0.0","83.57","0.0","4.0"
"2014","10","Maharashtra","27","12.0","Dapoli","GEN","Khambe Dnyanadev Ramchandra","MALE","41.0","GEN","BSP","9.0","10.0","263886.0","2762.0","162376.0","1.7","1470.0","0.91","61.53","0.0","4.0"
"2017","3","Punjab","03","15.0","Ludhiana Central","GEN","Nota","None","","GEN","NOTA","4.0","6.0","147646.0","1064.0","103012.0","1.03","426.0","0.41","69.77","0.0","4.0"
"2017","3","Uttar Pradesh","09","17.0","Jakhania","SC","Lal Bahadur","MALE","47.0","SC","CPI(ML)(L)","8.0","8.0","399444.0","1212.0","240534.0","0.5","109.0","0.05","60.22","0.0","4.0"
"2014","5","Andhra Pradesh","28","14.0","Kandukur","GEN","Pokuri Malakondaiah","MALE","58.0","GEN","CPI","8.0","15.0","194679.0","316.0","173113.0","0.18","156.0","0.09","88.92","0.0","4.0"
"2012","3","Uttar Pradesh","09","16.0","Mant","GEN","Ram Kishan Sharma","MALE","37.0","GEN","RMGP","9.0","13.0","286964.0","811.0","201974.0","0.4","438.0","0.22","70.38","0.0","4.0"
"2019","10","Maharashtra","27","13.0","Ambernath","SC","Dr Kinikar Balaji Pralhad","MALE","47.0","SC","SHS","1.0","18.0","315581.0","60083.0","133919.0","44.87","29294.0","21.87","42.44","0.0","4.0"
"2012","3","Uttarakhand","05","3.0","Lalkuwa","GEN","Harendra Singh","MALE","49.0","GEN","INC","3.0","14.0","90260.0","13863.0","67403.0","20.57","10144.0","15.05","74.68","0.0","4.0"
"2009","10","Maharashtra","27","11.0","Magathane","GEN","Adhyan Bandu Shendge","MALE","59.0","GEN","RSPS","7.0","8.0","269399.0","777.0","145783.0","0.53","13.0","0.01","54.11","0.0","4.0"
"2018","12","Madhya Pradesh","23","15.0","Damoh","GEN","Rihana Sabbo Bua","THIRD","","GEN","IND","8.0","14.0","233399.0","1283.0","175372.0","0.73","150.0","0.09","75.14","0.0","4.0"
"2019","10","Haryana","06","13.0","Fatehabad","GEN","Vinod Kumar","MALE","38.0","GEN","IND","10.0","16.0","240130.0","501.0","184327.0","0.27","27.0","0.01","76.76","0.0","4.0"
"2019","4","Andhra Pradesh","28","15.0","Tirupati","GEN","Katari  Kesavulu Chetty","MALE","70.0","GEN","IND","13.0","16.0","270847.0","98.0","180429.0","0.05","12.0","0.01","66.62","0.0","4.0"
"2012","12","Gujarat","24","12.0","Olpad","GEN","Kapdiya Mohmad Irfan Gulam Mohmad","MALE","46.0","GEN","LJP","12.0","14.0","270144.0","360.0","192100.0","0.19","6.0","0.0","71.11","0.0","4.0"
"2021","5","Assam","18","15.0","Rupohihat","GEN","Nurul Amin Chowdhury","MALE","57.0","GEN","IND","4.0","9.0","203385.0","8138.0","180952.0","4.5","6603.0","3.65","88.97","0.0","4.0"
"2018","5","Karnataka","29","10.0","Hebbal","GEN","Nagaraju","MALE","","GEN","IND","6.0","28.0","252885.0","356.0","146690.0","0.24","28.0","0.02","58.01","0.0","4.0"
"2019","4","Andhra Pradesh","28","15.0","Vemuru","SC","Tullibilli Anil Kumar","MALE","49.0","SC","IND","10.0","11.0","195274.0","120.0","171618.0","0.07","28.0","0.02","87.89","0.0","4.0"
"2016","5","Tamil Nadu","33","11.0","Madurai North","GEN","Gopi Shankar M","MALE","25.0","GEN","AMMK","16.0","21.0","233129.0","157.0","154368.0","0.1","30.0","0.02","66.22","0.0","4.0"
"2009","5","Andhra Pradesh","28","13.0","Macherla","GEN","Yenumula Muralidhara Reddy","MALE","38.0","GEN","IND","9.0","22.0","201861.0","479.0","152051.0","0.32","39.0","0.03","75.32","0.0","4.0"
"2009","10","Maharashtra","27","11.0","Ausa","GEN","Dayanand Dnyandeo Kadam","MALE","47.0","GEN","MNS","4.0","9.0","252337.0","3271.0","166104.0","1.97","927.0","0.56","65.83","0.0","4.0"
"2019","4","Andhra Pradesh","28","15.0","Kurnool","GEN","Sandyapogu Raghavendra","MALE","33.0","SC","IND","27.0","29.0","258876.0","43.0","152659.0","0.03","6.0","0.0","58.97","0.0","4.0"
"2020","11","Bihar","10","17.0","Hasanpur","GEN","Virendra Yadav","MALE","45.0","GEN","RSWD","6.0","9.0","292161.0","2593.0","171336.0","1.51","366.0","0.21","58.64","0.0","4.0"
"2011","5","Assam","18","13.0","Udalguri","ST","Bhramon Baglari","MALE","42.0","ST","IND","2.0","5.0","127907.0","24776.0","94334.0","26.26","2011.0","2.13","73.75","0.0","4.0"
"2018","12","Madhya Pradesh","23","15.0","Shivpuri","GEN","Sishupal Jatav","MALE","","GEN","IND","8.0","13.0","230355.0","758.0","164201.0","0.46","168.0","0.1","71.28","0.0","4.0"
"2015","11","Bihar","10","16.0","Shahpur","GEN","Sachin Kumar Gupta","MALE","35.0","GEN","IND","4.0","14.0","292677.0","2914.0","145144.0","2.01","273.0","0.19","49.59","0.0","4.0"
"2011","5","Tamil Nadu","33","10.0","Tirunelveli","GEN","Vedantham K","MALE","40.0","GEN","IND","9.0","17.0","205146.0","969.0","157304.0","0.62","155.0","0.1","76.68","0.0","4.0"
"2010","11","Bihar","10","15.0","Kalyanpur(Sc)","SC","Anup Lal Das","MALE","65.0","SC","RPP","5.0","11.0","251194.0","3818.0","128961.0","2.96","114.0","0.09","51.34","0.0","4.0"
"2009","10","Maharashtra","27","11.0","Khadakwasala","GEN","Dr Smita Somnath Pol","FEMALE","30.0","GEN","BBM","10.0","12.0","356137.0","571.0","175840.0","0.32","78.0","0.04","49.37","0.0","4.0"
"2012","3","Uttar Pradesh","09","16.0","Kapilvastu","SC","Anil Kumar","MALE","28.0","SC","IND","6.0","16.0","383741.0","4479.0","190196.0","2.35","969.0","0.51","49.56","0.0","4.0"
"2018","5","Karnataka","29","10.0","Sringeri","GEN","K C Prakash","MALE","","GEN","IND","9.0","8.0","162160.0","193.0","137053.0","0.14","0.0","0.0","84.52","0.0","4.0"
"2009","5","Andhra Pradesh","28","13.0","Lal Bahadur Nagar","GEN","Dhyanamaina Sriramulu","MALE","40.0","SC","PPOI","7.0","20.0","412728.0","538.0","195541.0","0.28","16.0","0.01","47.38","0.0","4.0"
"2014","5","Andhra Pradesh","28","14.0","Kanigiri","GEN","Venkataramanareddy Gayam","MALE","40.0","GEN","IND","7.0","20.0","207766.0","485.0","158970.0","0.31","57.0","0.04","76.51","0.0","4.0"
"2021","5","Kerala","32","16.0","Quilandy","GEN","Praveen Cheruvath","MALE","52.0","GEN","SUCI","7.0","6.0","208924.0","221.0","162084.0","0.14","0.0","0.0","77.58","0.0","4.0"
"2011","5","Kerala","32","14.0","Pattambi","GEN","C P Mohammed","MALE","58.0","GEN","INC","1.0","7.0","153713.0","57728.0","117818.0","49.0","12475.0","10.59","76.65","0.0","4.0"
"2021","5","Tamil Nadu","33","12.0","Anthiyur","GEN","Periyasamy T","MALE","44.0","GEN","IND","18.0","20.0","221338.0","147.0","176385.0","0.08","15.0","0.01","79.69","0.0","4.0"
"2018","12","Rajasthan","08","15.0","Khandela","GEN","Dool Chand Kumawat","MALE","","GEN","IND","12.0","14.0","238343.0","347.0","172575.0","0.2","119.0","0.07","72.41","0.0","4.0"
"2010","11","Bihar","10","15.0","Jhajha","GEN","Chandrika Kumar","MALE","29.0","GEN","IND","10.0","18.0","240437.0","1475.0","124110.0","1.19","507.0","0.41","51.62","0.0","4.0"
"2009","5","Andhra Pradesh","28","13.0","Karwan","GEN","Osman Bin Mohammed Al Hajri","MALE","41.0","GEN","TDP","4.0","13.0","234643.0","13606.0","112189.0","12.13","8705.0","7.76","47.81","0.0","4.0"
"2021","5","Kerala","32","16.0","Poonjar","GEN","M V George","MALE","63.0","GEN","IND","7.0","9.0","193037.0","278.0","139894.0","0.2","19.0","0.01","72.47","0.0","4.0"
"2012","3","Uttar Pradesh","09","16.0","Allahabad West","GEN","Jyoti Yaday","MALE","34.0","GEN","SP","3.0","19.0","342693.0","18867.0","177311.0","10.64","9127.0","5.15","51.74","0.0","4.0"
"2018","12","Rajasthan","08","15.0","Osian","GEN","Bhera Ram Choudhary","MALE","","GEN","BJP","2.0","5.0","234365.0","56039.0","184642.0","30.35","18293.0","9.91","78.78","0.0","4.0"
"2009","10","Maharashtra","27","11.0","Kalwan","ST","Ambekar Dadaji Mhalu","MALE","47.0","ST","BSP","5.0","5.0","210368.0","1335.0","147027.0","0.91","0.0","0.0","69.89","0.0","4.0"
"2017","12","Gujarat","24","13.0","Jasdan","GEN","Motibhai Gokalbhai Rajpara","MALE","46.0","GEN","IND","8.0","15.0","228733.0","615.0","168991.0","0.36","209.0","0.12","73.88","0.0","4.0"
"2014","10","Haryana","06","12.0","Gurgaon","GEN","Din Mohammad","MALE","33.0","GEN","IND","14.0","18.0","296372.0","151.0","189965.0","0.08","7.0","0.0","64.1","0.0","4.0"
"2009","10","Maharashtra","27","11.0","Shirur","GEN","Adv Laxman Bapurao Yele","MALE","27.0","GEN","IND","6.0","13.0","285129.0","2527.0","183270.0","1.38","41.0","0.02","64.28","0.0","4.0"
"2018","5","Karnataka","29","10.0","Krishnarajanagara","GEN","Mallesh","MALE","","GEN","IND","8.0","9.0","201256.0","196.0","175017.0","0.11","10.0","0.01","86.96","0.0","4.0"
"2018","12","Chhattisgarh","22","4.0","Arang","SC","Sharda Banjare","MALE","","SC","IND","4.0","16.0","201900.0","3042.0","154978.0","1.96","1514.0","0.98","76.76","0.0","4.0"
"2011","5","Assam","18","13.0","Baghbar","GEN","Md Amir Ali","MALE","44.0","GEN","AITC","8.0","8.0","108076.0","331.0","93526.0","0.35","0.0","0.0","86.54","0.0","4.0"
"2013","12","Rajasthan","08","14.0","Weir","SC","Ramji Lal","MALE","65.0","SC","NCP","7.0","14.0","211665.0","776.0","147281.0","0.53","236.0","0.16","69.58","0.0","4.0"
"2011","5","Assam","18","13.0","Titabar","GEN","Subodh Dutta","MALE","57.0","GEN","AIUDF","7.0","8.0","123529.0","905.0","88257.0","1.03","257.0","0.29","71.45","0.0","4.0"
"2020","11","Bihar","10","17.0","Khagaria","GEN","Uday Shankar","MALE","41.0","GEN","IND","11.0","22.0","260064.0","1016.0","150857.0","0.67","93.0","0.06","58.01","0.0","4.0"
"2015","11","Bihar","10","16.0","Paliganj","GEN","Anwar Husain","MALE","55.0","GEN","CPI(ML)(L)","3.0","14.0","262289.0","19438.0","146255.0","13.29","14293.0","9.77","55.76","0.0","4.0"
"2016","5","West Bengal","19","16.0","Medinipur","GEN","Susanta Sahu","MALE","56.0","GEN","SUCI","6.0","6.0","251148.0","2069.0","213083.0","0.97","414.0","0.19","84.84","0.0","4.0"
"2018","12","Telangana","36","2.0","Sangareddy","GEN","Md Toufiq Ahamed","MALE","","GEN","AYSRCP","14.0","14.0","201962.0","94.0","167314.0","0.06","25.0","0.01","82.84","0.0","4.0"
"2018","5","Karnataka","29","10.0","Byadgi","GEN","Damodar Raghavendar Maruti","MALE","","GEN","IND","9.0","8.0","197190.0","256.0","166833.0","0.15","0.0","0.0","84.61","0.0","4.0"
"2017","12","Gujarat","24","13.0","Mangrol","ST","Vasava Ganpatsinh Vestabhai","MALE","46.0","ST","BJP","1.0","7.0","200756.0","91114.0","156079.0","58.38","40799.0","26.14","77.75","0.0","4.0"
"2019","10","Maharashtra","27","13.0","Karad South","GEN","Dr Atulbaba Suresh Bhosale","MALE","37.0","GEN","BJP","2.0","14.0","292525.0","83166.0","210224.0","39.56","53765.0","25.58","71.87","0.0","4.0"
"2020","11","Bihar","10","17.0","Singheshwar","SC","Triful Devi","FEMALE","44.0","SC","JMBP","8.0","11.0","310531.0","2133.0","190950.0","1.12","416.0","0.22","61.49","0.0","4.0"
"2009","5","Andhra Pradesh","28","13.0","Nampally","GEN","Mera Baboji Rao","MALE","26.0","GEN","IND","15.0","21.0","242486.0","136.0","110827.0","0.12","3.0","0.0","45.7","0.0","4.0"
"2021","5","West Bengal","19","17.0","Nanoor","SC","Nota","None","","SC","NOTA","5.0","4.0","279486.0","2149.0","235328.0","0.91","0.0","0.0","84.2","0.0","4.0"
"2009","12","Jharkhand","20","2.0","Khijri","ST","Sundari Devi","FEMALE","41.0","ST","RJD","7.0","24.0","274642.0","3313.0","143421.0","2.31","735.0","0.51","52.22","0.0","4.0"
"2009","5","Andhra Pradesh","28","13.0","Nizamabad","GEN","D.Shekar","MALE","36.0","GEN","LSP","5.0","12.0","239887.0","1003.0","95187.0","1.05","507.0","0.53","39.68","0.0","4.0"
"2018","12","Andhra Pradesh","28","2.0","Maheswaram","GEN","Patlolla Sabitha Indra Reddy","FEMALE","","GEN","INC","1.0","17.0","423211.0","95481.0","234250.0","40.76","9227.0","3.94","55.35","0.0","4.0"
"2014","10","Haryana","06","12.0","Indri","GEN","Rakesh Kumar","MALE","45.0","GEN","IND","15.0","16.0","176573.0","286.0","140433.0","0.2","20.0","0.01","79.53","0.0","4.0"
"2011","5","Assam","18","13.0","Sadiya","GEN","Lalit Deori","MALE","50.0","GEN","AITC","7.0","8.0","142376.0","994.0","103048.0","0.96","140.0","0.14","72.38","0.0","4.0"
"2017","3","Uttar Pradesh","09","17.0","Bhadohi","GEN","Nisha","FEMALE","30.0","GEN","IND","14.0","23.0","415458.0","572.0","239518.0","0.24","3.0","0.0","57.65","0.0","4.0"
"2020","11","Bihar","10","17.0","Goriyakothi","GEN","Premchand Singh","MALE","40.0","GEN","JAPL","7.0","25.0","331015.0","1767.0","191341.0","0.92","84.0","0.04","57.8","0.0","4.0"
"2014","10","Maharashtra","27","12.0","Malshiras","SC","Pro Gaikwad Bharat Krushna","MALE","59.0","SC","BSP","8.0","23.0","300061.0","2087.0","203576.0","1.03","468.0","0.23","67.84","0.0","4.0"
"2012","3","Uttar Pradesh","09","16.0","Payagpur","GEN","Dinesh Kumar","MALE","35.0","GEN","IND","12.0","15.0","303750.0","807.0","187177.0","0.43","141.0","0.08","61.62","0.0","4.0"
"2012","5","Andhra Pradesh","28","13.0","Ghanpur","SC","Ilishan Daida","MALE","","None","CPM","5.0","5.0","225885.0","4788.0","169907.0","2.82","0.0","0.0","75.22","1.0","4.0"
"2021","5","Kerala","32","16.0","Kovalam","GEN","Neelalohithadasan Nadar","MALE","73.0","GEN","JD(S)","2.0","7.0","224274.0","63306.0","159100.0","39.79","44642.0","28.06","70.94","0.0","4.0"
"2013","5","Karnataka","29","9.0","Gokak","GEN","Basavanni Ningappa Kambar","MALE","76.0","GEN","BSRCP","8.0","9.0","202371.0","457.0","144327.0","0.32","11.0","0.01","71.32","0.0","4.0"
"2013","12","Chhattisgarh","22","3.0","Ahiwara","SC","Virendra Kurre","MALE","42.0","SC","IND","5.0","10.0","188860.0","1432.0","142489.0","1.0","155.0","0.11","75.45","0.0","4.0"
"2017","12","Himachal Pradesh","02","13.0","Shahpur","GEN","Ramesh Kumar","MALE","30.0","GEN","IND","4.0","6.0","80097.0","1111.0","60139.0","1.85","3.0","0.0","75.08","0.0","4.0"
"2014","5","Telangana","36","1.0","Nakrekal","SC","Dondapati Prabhakar Rao","MALE","62.0","SC","RLD","11.0","11.0","225475.0","336.0","179746.0","0.19","0.0","0.0","79.72","0.0","4.0"
"2021","5","Tamil Nadu","33","12.0","Harbour","GEN","Udhayakumar V","MALE","31.0","GEN","IND","19.0","28.0","176353.0","25.0","101650.0","0.02","0.0","0.0","57.64","0.0","4.0"
"2014","5","Andhra Pradesh","28","14.0","Parchur","GEN","Kasu Siva Rami Reddy","MALE","48.0","GEN","IND","16.0","15.0","214392.0","69.0","188774.0","0.04","0.0","0.0","88.05","0.0","4.0"
"2012","3","Punjab","03","14.0","Phagwara","SC","Ram Pal","MALE","45.0","SC","IND","9.0","11.0","151668.0","312.0","112860.0","0.28","80.0","0.07","74.41","0.0","4.0"
"2014","10","Haryana","06","12.0","Tigaon","GEN","Birpal Gujjar","MALE","39.0","GEN","IND","5.0","12.0","225811.0","2521.0","149180.0","1.69","1512.0","1.01","66.06","0.0","4.0"
"2017","3","Uttar Pradesh","09","17.0","Khalilabad","GEN","Manbhawati","FEMALE","43.0","GEN","IND","10.0","22.0","427321.0","1394.0","224008.0","0.62","98.0","0.04","52.42","0.0","4.0"
"2018","12","Rajasthan","08","15.0","Beawar","GEN","Dhannaram Khorwal","MALE","","GEN","BSP","6.0","12.0","244199.0","1443.0","164593.0","0.88","329.0","0.2","67.4","0.0","4.0"
"2014","10","Haryana","06","12.0","Hodal","SC","Subhash Singh","MALE","40.0","SC","HJCBL","4.0","11.0","161317.0","1106.0","122088.0","0.91","478.0","0.39","75.68","0.0","4.0"
"2018","12","Madhya Pradesh","23","15.0","Bhopal Dakshina-Pashchim","GEN","Janrel Singh Maan","MALE","","GEN","LKD(B)","18.0","18.0","215749.0","73.0","137472.0","0.05","6.0","0.0","63.72","0.0","4.0"
"2013","12","Delhi","07","9.0","New Delhi","GEN","K P Sankaran Menon","MALE","68.0","GEN","RBHP","18.0","17.0","124107.0","15.0","82802.0","0.02","0.0","0.0","66.72","0.0","4.0"
"2019","10","Maharashtra","27","13.0","Melghat","ST","Gangaram Kunjilal Jambekar","MALE","36.0","ST","IND","6.0","9.0","277523.0","2345.0","181941.0","1.29","699.0","0.38","65.56","0.0","4.0"
"2013","12","Chhattisgarh","22","3.0","Raipur City Gramin","GEN","Bharat Bhai Khakhariya","MALE","39.0","GEN","IND","6.0","12.0","228706.0","1010.0","149160.0","0.68","205.0","0.14","65.22","0.0","4.0"
"2016","5","Assam","18","14.0","Diphu","ST","Nota","None","","ST","NOTA","4.0","5.0","172099.0","2803.0","138262.0","2.03","828.0","0.6","80.34","0.0","4.0"
"2009","10","Maharashtra","27","11.0","Parvati","GEN","Ram Tukaram Waghmare","MALE","38.0","GEN","IND","13.0","21.0","340343.0","327.0","154679.0","0.21","4.0","0.0","45.45","0.0","4.0"
"2011","5","Tamil Nadu","33","10.0","Dr. Radhakrishnan Nagar","GEN","Vincent A","MALE","29.0","GEN","IND","14.0","31.0","195179.0","97.0","141904.0","0.07","7.0","0.0","72.7","0.0","4.0"
"2020","11","Bihar","10","17.0","Motihari","GEN","Ashok Kumar","MALE","41.0","GEN","JSD","7.0","15.0","314345.0","1060.0","187555.0","0.57","384.0","0.2","59.67","0.0","4.0"
"2014","5","Andhra Pradesh","28","14.0","Nandyal","GEN","B Karimulla","MALE","35.0","GEN","AIMIM","7.0","15.0","242768.0","840.0","174999.0","0.48","150.0","0.09","72.08","0.0","4.0"
"2018","5","Karnataka","29","10.0","Navalgund","GEN","Dr Jedar M G","MALE","","GEN","JSMP(K)","10.0","13.0","200870.0","236.0","159546.0","0.15","9.0","0.01","79.43","0.0","4.0"
"2013","12","Mizoram","15","11.0","Hrangturzo","ST","Lalawmpuia Renthlei","MALE","36.0","ST","IND","5.0","5.0","14807.0","39.0","12254.0","0.32","10.0","0.08","82.76","0.0","4.0"
"2018","12","Telangana","36","2.0","Amberpet","GEN","Keshapaga Balmukund","MALE","","GEN","AIFB(S)","25.0","31.0","241524.0","81.0","134439.0","0.06","1.0","0.0","55.66","0.0","4.0"
"2013","2","Nagaland","13","12.0","Longkhim Chare","ST","Thrinimong","MALE","78.0","ST","INC","2.0","4.0","20333.0","5814.0","19978.0","29.1","249.0","1.25","98.25","0.0","4.0"
"2020","11","Bihar","10","17.0","Harsidhi","SC","Ramesh Kumar","MALE","45.0","SC","RLSP","3.0","8.0","267915.0","10523.0","170205.0","6.18","7585.0","4.46","63.53","0.0","4.0"
"2017","3","Uttar Pradesh","09","17.0","Mau","GEN","Ram Soch Yadav","MALE","60.0","GEN","CPI","5.0","14.0","442270.0","1514.0","266015.0","0.57","213.0","0.08","60.15","0.0","4.0"
"2014","10","Haryana","06","12.0","Dabwali","GEN","Kalu Ram","MALE","48.0","GEN","IND","14.0","13.0","180921.0","74.0","156041.0","0.05","0.0","0.0","86.25","0.0","4.0"
"2013","12","Madhya Pradesh","23","14.0","Rajnagar","GEN","Dharmendra Singh Bundela Munna Raja","MALE","37.0","GEN","SP","5.0","12.0","200469.0","2957.0","129100.0","2.29","219.0","0.17","64.4","0.0","4.0"
"2014","5","Odisha","21","15.0","Rairakhol","GEN","Manabodha Bhoi","MALE","50.0","GEN","AOP","4.0","12.0","175415.0","1627.0","134764.0","1.21","329.0","0.24","76.83","0.0","4.0"
"2021","5","West Bengal","19","17.0","Maldaha","SC","Mukul Sarkar","MALE","44.0","SC","BSP","7.0","7.0","248303.0","1240.0","206489.0","0.6","309.0","0.15","83.16","0.0","4.0"
"2020","11","Bihar","10","17.0","Goh","GEN","Manish Kumar","MALE","33.0","GEN","IND","12.0","18.0","308689.0","323.0","184728.0","0.17","15.0","0.01","59.84","0.0","4.0"
"2019","12","Jharkhand","20","4.0","Ramgarh","GEN","Nota","None","","GEN","NOTA","13.0","26.0","313312.0","862.0","223577.0","0.39","61.0","0.03","71.36","0.0","4.0"
"2014","12","Jharkhand","20","3.0","Manoharpur","ST","Joba Manjhi","FEMALE","50.0","ST","JMM","1.0","12.0","185511.0","57558.0","127460.0","45.16","16569.0","13.0","68.71","0.0","4.0"
"2012","12","Gujarat","24","12.0","Himatnagar","GEN","Rathod Ramsinh Parabatsinh","MALE","59.0","GEN","IND","11.0","18.0","218357.0","659.0","174598.0","0.38","201.0","0.12","79.96","0.0","4.0"
"2010","11","Bihar","10","15.0","Phulwari","SC","Mamta Devi","FEMALE","31.0","SC","RSWD","14.0","14.0","247420.0","416.0","135456.0","0.31","0.0","0.0","54.75","0.0","4.0"
"2014","5","Andhra Pradesh","28","14.0","Guntur West","GEN","Modugula Venu Gopala Reddy","MALE","47.0","GEN","TDP","1.0","20.0","259664.0","78837.0","171377.0","46.0","17913.0","10.45","66.0","0.0","4.0"
"2014","5","Odisha","21","15.0","Choudwar-Cuttack","GEN","Nota","None","","GEN","NOTA","4.0","8.0","210112.0","1365.0","130176.0","1.05","197.0","0.15","61.96","0.0","4.0"
"2018","12","Telangana","36","2.0","Jadcherla","GEN","Nadiminti Srinivasulu","MALE","","GEN","SHS","15.0","15.0","194768.0","200.0","160482.0","0.12","4.0","0.0","82.4","0.0","4.0"
"2017","3","Goa","30","7.0","Bicholim","GEN","Nota","None","","GEN","NOTA","6.0","5.0","25958.0","221.0","23306.0","0.95","0.0","0.0","89.78","0.0","4.0"
"2009","10","Maharashtra","27","11.0","Aurangabad West","SC","Mahapure Dashrath Tukaram","MALE","51.0","SC","IND","10.0","19.0","238747.0","779.0","119833.0","0.65","394.0","0.33","50.19","0.0","4.0"
"2014","5","Andhra Pradesh","28","1.0","Ramagundam","GEN","Divakar Rao Surabhi","MALE","61.0","GEN","PPOI","11.0","27.0","222478.0","888.0","137638.0","0.65","89.0","0.06","61.87","0.0","4.0"
"2009","5","Odisha","21","14.0","Paralakhemundi","GEN","Sasmita Rajguru","FEMALE","35.0","GEN","SAMO","6.0","8.0","179770.0","847.0","114526.0","0.74","58.0","0.05","63.71","0.0","4.0"
"2016","5","Assam","18","14.0","Duliajan","GEN","Jhuma Deb Nath","FEMALE","45.0","GEN","SHS","12.0","11.0","138589.0","542.0","114313.0","0.47","0.0","0.0","82.48","0.0","4.0"
"2021","5","Puducherry","34","14.0","Oupalam","GEN","M Killivalavan","MALE","37.0","GEN","IJK","12.0","11.0","28335.0","10.0","23717.0","0.04","0.0","0.0","83.7","0.0","4.0"
"2012","3","Uttar Pradesh","09","16.0","Aligarh","GEN","Afzaal","MALE","29.0","GEN","IPP","29.0","30.0","294190.0","148.0","184820.0","0.08","47.0","0.03","62.82","0.0","4.0"
"2013","12","Madhya Pradesh","23","14.0","Malhara","GEN","Chaturesh","MALE","40.0","GEN","IND","10.0","19.0","191348.0","1082.0","130845.0","0.83","64.0","0.05","68.38","0.0","4.0"
"2018","5","Karnataka","29","10.0","Hiriyur","GEN","A Shivashankarappa","MALE","","GEN","PRARP","12.0","13.0","232662.0","177.0","188787.0","0.09","33.0","0.02","81.14","0.0","4.0"
"2009","5","Andhra Pradesh","28","13.0","Repalle","GEN","Kona Srinivasa Rao","MALE","36.0","SC","IND","13.0","18.0","199859.0","197.0","157379.0","0.13","16.0","0.01","78.75","0.0","4.0"
"2012","3","Punjab","03","14.0","Rampura Phul","GEN","Sukhmander Singh","MALE","43.0","GEN","SAD(M)","10.0","14.0","145535.0","226.0","126933.0","0.18","99.0","0.08","87.22","0.0","4.0"
"2018","12","Andhra Pradesh","28","2.0","Maheswaram","GEN","Md Jaffar","MALE","","GEN","IND","7.0","17.0","423211.0","1381.0","234250.0","0.59","673.0","0.29","55.35","0.0","4.0"
"2014","5","Andhra Pradesh","28","14.0","Tadpatri","GEN","Cherukuri Venkataramana,","MALE","34.0","GEN","JASPA","5.0","12.0","225651.0","1374.0","179934.0","0.76","161.0","0.09","79.74","0.0","4.0"
"2017","3","Punjab","03","15.0","Sham Chaurasi","SC","Pawan Kumar Adia","MALE","56.0","SC","INC","1.0","6.0","166750.0","46612.0","123889.0","37.62","3815.0","3.08","74.3","0.0","4.0"
"2010","11","Bihar","10","15.0","Ramgarh","GEN","Dr Prabhawati Devi","FEMALE","68.0","GEN","BSP","4.0","17.0","204116.0","17334.0","123218.0","14.07","7944.0","6.45","60.37","0.0","4.0"
"2014","5","Telangana","36","1.0","Nagarjuna Sagar","GEN","Nota","None","","GEN","NOTA","9.0","13.0","203874.0","775.0","163128.0","0.48","135.0","0.08","80.01","0.0","4.0"
"2021","5","Tamil Nadu","33","12.0","Harbour","GEN","Mahalingam D","MALE","50.0","GEN","IND","29.0","28.0","176353.0","10.0","101650.0","0.01","0.0","0.0","57.64","0.0","4.0"
"2015","5","Andhra Pradesh","28","14.0","Mandapeta","GEN","Asadi Venkatadri","MALE","","None","RKSWP","5.0","13.0","195946.0","491.0","145064.0","0.34","35.0","0.02","74.03","1.0","4.0"
"2018","5","Karnataka","29","10.0","Harapanahalli","GEN","Lalithamma","FEMALE","","GEN","AIMEP","7.0","13.0","201133.0","631.0","168414.0","0.37","227.0","0.13","83.73","0.0","4.0"
"2012","3","Uttar Pradesh","09","16.0","Domariaganj","GEN","Ramdhani","MALE","66.0","GEN","IND","7.0","14.0","343233.0","2312.0","176741.0","1.31","655.0","0.37","51.49","0.0","4.0"
"2016","5","Assam","18","14.0","Ratabari","SC","Akhil Ranjan Talukdar","MALE","60.0","SC","INC","2.0","14.0","148269.0","29449.0","112608.0","26.15","5523.0","4.9","75.95","0.0","4.0"
"2009","5","Andhra Pradesh","28","13.0","Raptadu","GEN","C Sivappa","MALE","36.0","GEN","IND","5.0","20.0","184518.0","1044.0","142368.0","0.73","68.0","0.05","77.16","0.0","4.0"
"2021","5","Tamil Nadu","33","12.0","Cumbum","GEN","Anish Fathima A","FEMALE","38.0","GEN","NTK","4.0","15.0","291001.0","12347.0","202275.0","6.1","7700.0","3.81","69.51","0.0","4.0"
"2013","12","Rajasthan","08","14.0","Nagar","GEN","Mahaveer Prasad","MALE","43.0","GEN","IND","10.0","20.0","189410.0","655.0","146603.0","0.45","43.0","0.03","77.4","0.0","4.0"
"2011","5","Kerala","32","14.0","Vallikkunnu","GEN","K V Sankaranarayanan","MALE","63.0","GEN","IND","2.0","6.0","156307.0","39128.0","113304.0","34.53","28029.0","24.74","72.49","0.0","4.0"
"2017","3","Uttar Pradesh","09","17.0","Jaunpur","GEN","Nadeem Javed","MALE","40.0","GEN","INC","2.0","15.0","390593.0","78040.0","225577.0","34.6","36163.0","16.03","57.75","0.0","4.0"
"2018","3","Tripura","16","11.0","Agartala","GEN","Nota","None","","GEN","NOTA","4.0","5.0","48906.0","344.0","44593.0","0.77","42.0","0.09","91.18","0.0","4.0"
"2010","11","Bihar","10","15.0","Bakhri","SC","Satish Paswan","MALE","39.0","SC","BSP","10.0","11.0","212958.0","1314.0","118629.0","1.11","346.0","0.29","55.71","0.0","4.0"
"2017","3","Rajasthan","08","17.0","Rampur Khas","GEN","Jagram Yadav","MALE","43.0","GEN","ARK","16.0","15.0","315694.0","433.0","170655.0","0.25","0.0","0.0","54.06","0.0","4.0"
"2009","10","Maharashtra","27","11.0","Akkalkot","GEN","Sonkamble Gautam Vijaykumar","MALE","30.0","GEN","BBM","8.0","8.0","300871.0","726.0","195717.0","0.37","0.0","0.0","65.05","0.0","4.0"
"2014","5","Odisha","21","15.0","Puri","ST","Sridhar Mishra","MALE","72.0","ST","AOP","8.0","9.0","224358.0","580.0","143627.0","0.4","232.0","0.16","64.02","0.0","4.0"
"2010","11","Bihar","10","15.0","Buxar","GEN","Prof Sukhada Pande","FEMALE","62.0","GEN","BJP","1.0","25.0","220693.0","48062.0","128102.0","37.52","20183.0","15.76","58.05","0.0","4.0"
"2013","5","Karnataka","29","9.0","Navalgund","GEN","Chandrashekar Demappa Bugati","MALE","46.0","GEN","LJP","13.0","16.0","182898.0","317.0","137347.0","0.23","32.0","0.02","75.09","0.0","4.0"
"2017","3","Uttar Pradesh","09","17.0","Pharenda","GEN","Shiv Kumari Devi","FEMALE","35.0","GEN","JHSPT","12.0","12.0","333601.0","634.0","198945.0","0.32","205.0","0.1","59.64","0.0","4.0"
"2017","12","Gujarat","24","13.0","Nadiad","GEN","Vankavala Imaranbhai Bilalbhai","MALE","37.0","GEN","IND","5.0","11.0","248486.0","1078.0","167406.0","0.64","153.0","0.09","67.37","0.0","4.0"
"2014","5","Odisha","21","15.0","Ekamra-Bhubaneswar","GEN","Surya Narayan Gouda","MALE","33.0","GEN","SAMO","16.0","20.0","249573.0","147.0","114718.0","0.13","2.0","0.0","45.97","0.0","4.0"
"2013","10","Maharashtra","27","11.0","Yavatmal","GEN","M M Yerawar","MALE","","GEN","BJP","2.0","10.0","316167.0","47278.0","117521.0","40.23","44149.0","37.57","37.17","1.0","4.0"
"2014","5","Sikkim","11","8.0","Upper Burtuk","GEN","Santa Bir Gurung","MALE","62.0","GEN","INC","5.0","4.0","12764.0","124.0","10393.0","1.19","0.0","0.0","81.42","0.0","4.0"
"2015","11","Bihar","10","16.0","Raniganj","SC","Ramji Das Rishidev","MALE","57.0","SC","BJP","2.0","13.0","283545.0","62787.0","161402.0","38.9","56436.0","34.97","56.92","0.0","4.0"
"2009","5","Andhra Pradesh","28","13.0","Puthalapattu","SC","Dr.P.Ravi","MALE","53.0","SC","INC","1.0","10.0","180230.0","64484.0","151757.0","42.49","951.0","0.63","84.2","0.0","4.0"
"2014","5","Telangana","36","1.0","Waradhanapet","SC","Thatikayala Sateesh Babu","MALE","30.0","SC","IND","13.0","12.0","228325.0","236.0","177938.0","0.13","0.0","0.0","77.93","0.0","4.0"
"2013","5","Karnataka","29","9.0","Bhalki","GEN","Ismalasha","MALE","37.0","GEN","BSP","7.0","12.0","200474.0","1102.0","147091.0","0.75","78.0","0.05","73.37","0.0","4.0"
"2016","5","Kerala","32","15.0","Thavanur","GEN","Muhammed Ponnani","MALE","55.0","GEN","WPOI","6.0","12.0","184868.0","1007.0","142125.0","0.71","406.0","0.29","76.88","0.0","4.0"
"2011","2","West Bengal","19","15.0","Rajarhat Gopalpur","GEN","Manoranjan Das","MALE","61.0","GEN","BJP","3.0","7.0","192748.0","3837.0","150327.0","2.55","3052.0","2.03","77.99","0.0","4.0"
"2021","5","Puducherry","34","14.0","Karaikal South","GEN","R Jagateesan","MALE","43.0","GEN","DMDK","9.0","8.0","32568.0","39.0","24456.0","0.16","0.0","0.0","75.09","0.0","4.0"
"2021","5","Tamil Nadu","33","12.0","Kumarapalayam","GEN","R Kumaresan","MALE","46.0","GEN","Manitha Urimaigal Kalaagam","9.0","29.0","256087.0","304.0","201925.0","0.15","52.0","0.03","78.85","0.0","4.0"
"2014","10","Maharashtra","27","12.0","Chandgad","GEN","Mohan Prakash Patil","MALE","28.0","GEN","IND","19.0","18.0","303275.0","447.0","217592.0","0.21","0.0","0.0","71.75","0.0","4.0"
"2017","3","Uttar Pradesh","09","17.0","Varanasi North","GEN","Rajendra Kumar Gupt","MALE","59.0","GEN","RVMP","13.0","17.0","384603.0","277.0","227695.0","0.12","10.0","0.0","59.2","0.0","4.0"
"2012","3","Uttar Pradesh","09","16.0","Fatehpur Sikri","GEN","Surajpal Singh","MALE","49.0","GEN","BSP","1.0","16.0","307053.0","67191.0","203064.0","33.09","5623.0","2.77","66.13","0.0","4.0"
"2012","12","Gujarat","24","12.0","Bhuj","GEN","Maheshwari Dayabhai Ladhubhai","MALE","62.0","GEN","BSP","6.0","10.0","223986.0","1584.0","153950.0","1.03","1068.0","0.69","68.73","0.0","4.0"
"2012","3","Uttar Pradesh","09","16.0","Rae Bareli","GEN","Lavkush Singh","MALE","38.0","GEN","NJC","14.0","14.0","316564.0","488.0","190277.0","0.26","0.0","0.0","60.11","0.0","4.0"
"2018","12","Telangana","36","2.0","Sanathnagar","GEN","Ashok Kumar Munikuntla","MALE","","GEN","BHRHS","15.0","15.0","228941.0","66.0","119722.0","0.06","9.0","0.01","52.29","0.0","4.0"
"2015","11","Bihar","10","16.0","Banmankhi","SC","Nepolian Ram","MALE","39.0","SC","RAJPA","17.0","18.0","283039.0","934.0","164850.0","0.57","170.0","0.1","58.24","0.0","4.0"
"2015","11","Bihar","10","16.0","Sonepur","GEN","Rajkumar Hazra","MALE","67.0","GEN","IND","11.0","13.0","267918.0","712.0","156884.0","0.45","173.0","0.11","58.56","0.0","4.0"
"2019","4","Arunachal Pradesh","12","10.0","Basar","ST","Togo Basar","MALE","45.0","ST","IND","4.0","5.0","17467.0","90.0","13350.0","0.67","47.0","0.35","76.43","0.0","4.0"
"2012","12","Gujarat","24","12.0","Khambhalia","GEN","Jitesh Babubhai Rathod","MALE","28.0","GEN","IND","17.0","17.0","230992.0","340.0","157764.0","0.22","0.0","0.0","68.3","0.0","4.0"
"2014","10","Maharashtra","27","12.0","Jalna","GEN","Gorantyal Kailas Kishanrao","MALE","49.0","GEN","INC","2.0","17.0","294434.0","44782.0","177909.0","25.17","7191.0","4.04","60.42","0.0","4.0"
"2019","10","Maharashtra","27","13.0","Basmath","GEN","Adv Shivaji Munjajirao Jadhav","MALE","58.0","GEN","IND","2.0","13.0","292304.0","67070.0","217733.0","30.8","25513.0","11.72","74.49","0.0","4.0"
"2012","3","Uttar Pradesh","09","16.0","Manikpur","GEN","Srikrishna Azad","MALE","56.0","GEN","IND","16.0","22.0","276314.0","978.0","166276.0","0.59","99.0","0.06","60.18","0.0","4.0"
"2014","10","Haryana","06","12.0","Yamunanagar","GEN","Jasvir Singh","MALE","48.0","GEN","IND","6.0","11.0","202733.0","579.0","154814.0","0.37","140.0","0.09","76.36","0.0","4.0"
"2019","10","Maharashtra","27","13.0","Badnapur","SC","Choudhari Rupkumar Alias Bablu Nehrulal","MALE","53.0","SC","NCP","2.0","15.0","307973.0","86700.0","211577.0","40.98","76831.0","36.31","68.7","0.0","4.0"
"2018","5","Karnataka","29","10.0","Bidar South","GEN","Narsappa","MALE","","GEN","IND","13.0","13.0","196623.0","265.0","138887.0","0.19","25.0","0.02","70.64","0.0","4.0"
"2021","5","Tamil Nadu","33","12.0","Anthiyur","GEN","Muthusamy M","MALE","35.0","GEN","IND","12.0","20.0","221338.0","428.0","176385.0","0.24","199.0","0.11","79.69","0.0","4.0"
"2021","5","Tamil Nadu","33","12.0","Mailam","GEN","Chandra Prakash R","MALE","26.0","GEN","IND","12.0","14.0","222627.0","249.0","176989.0","0.14","105.0","0.06","79.5","0.0","4.0"
"2011","5","Kerala","32","14.0","Nemom","GEN","J Vikraman","MALE","47.0","GEN","DPSP","7.0","8.0","172493.0","303.0","116474.0","0.26","86.0","0.07","67.52","0.0","4.0"
"2017","3","Uttar Pradesh","09","17.0","Pindra","GEN","Jaswant","MALE","39.0","GEN","RPI(A)","13.0","12.0","342536.0","514.0","204375.0","0.25","0.0","0.0","59.67","0.0","4.0"
"2014","12","Jharkhand","20","3.0","Jama","ST","Santosh Hansda","MALE","27.0","ST","IND","13.0","15.0","187170.0","954.0","133778.0","0.71","50.0","0.04","71.47","0.0","4.0"
"2014","5","Telangana","36","1.0","Musheerabad","GEN","Dr K Laxman","MALE","58.0","GEN","BJP","1.0","23.0","275194.0","65209.0","150884.0","43.22","27386.0","18.15","54.83","0.0","4.0"
"2021","5","West Bengal","19","17.0","Bally","GEN","Nota","None","","GEN","NOTA","4.0","11.0","176489.0","1205.0","125872.0","0.96","618.0","0.49","71.32","0.0","4.0"
"2016","5","Assam","18","14.0","Patharkandi","GEN","Krishnendu Paul","MALE","42.0","GEN","BJP","1.0","11.0","155472.0","46544.0","122694.0","37.94","9268.0","7.55","78.92","0.0","4.0"
"2017","3","Uttar Pradesh","09","17.0","Allahabad South","GEN","Satish Kesharwani","MALE","34.0","GEN","RSAD","6.0","21.0","392097.0","801.0","177063.0","0.45","129.0","0.07","45.16","0.0","4.0"
"2018","12","Chhattisgarh","22","4.0","Arang","SC","Dr Shivkumar Dahariya","MALE","","SC","INC","1.0","16.0","201900.0","69900.0","154978.0","45.1","25077.0","16.18","76.76","0.0","4.0"
"2009","10","Haryana","06","11.0","Radaur","GEN","Balvinder Singh","MALE","44.0","GEN","NCP","15.0","15.0","146594.0","352.0","115098.0","0.31","0.0","0.0","78.51","0.0","4.0"
"2012","5","Andhra Pradesh","28","13.0","Rajampet","GEN","S.Chandranath. A.","MALE","","None","NTRTDP(LP)","16.0","19.0","185475.0","269.0","146615.0","0.18","43.0","0.03","79.05","1.0","4.0"
"2017","3","Uttar Pradesh","09","17.0","Powayan","SC","Chandrakala","FEMALE","35.0","SC","IND","9.0","11.0","361653.0","823.0","229205.0","0.36","131.0","0.06","63.38","0.0","4.0"
"2021","5","Tamil Nadu","33","12.0","Karur","GEN","Muthukumar G","MALE","48.0","GEN","IND","63.0","77.0","248067.0","8.0","207310.0","0.0","1.0","0.0","83.57","0.0","4.0"
"2014","10","Maharashtra","27","12.0","Aurangabad Central","GEN","Pradeep Jaiswal","MALE","54.0","GEN","SHS","2.0","18.0","286978.0","41861.0","188469.0","22.21","1091.0","0.58","65.67","0.0","4.0"
"2014","10","Haryana","06","12.0","Faridabad Nit","GEN","Dinesh Rai","MALE","37.0","GEN","IND","16.0","16.0","213818.0","149.0","143166.0","0.1","93.0","0.06","66.96","0.0","4.0"
"2012","3","Uttar Pradesh","09","16.0","Didarganj","GEN","Kunj Bihari Yadav","MALE","40.0","GEN","RSBP","12.0","12.0","322374.0","493.0","176037.0","0.28","0.0","0.0","54.61","0.0","4.0"
"2014","5","Andhra Pradesh","28","14.0","Pedakurapadu","GEN","V. Sai Prabhakar","MALE","41.0","GEN","PPOI","7.0","9.0","201155.0","585.0","179421.0","0.33","315.0","0.18","89.2","0.0","4.0"
"2012","3","Uttar Pradesh","09","16.0","Sirsaganj","GEN","Suresh Chandra","MALE","38.0","GEN","NLP","18.0","23.0","288186.0","301.0","185863.0","0.16","10.0","0.01","64.49","0.0","4.0"
"2014","5","Andhra Pradesh","28","14.0","Kodur","SC","Koramutla Venkata Subbaiah","MALE","38.0","SC","IND","5.0","15.0","176660.0","523.0","137138.0","0.38","73.0","0.05","77.63","0.0","4.0"
"2018","12","Telangana","36","2.0","Siddipet","GEN","Bhogi Srinivas","MALE","","GEN","IND","8.0","12.0","209335.0","905.0","167055.0","0.54","107.0","0.06","79.8","0.0","4.0"
"2013","2","West Bengal","19","15.0","Nalhati","GEN","Md Noorul Hoda","MALE","","GEN","AIUD","5.0","8.0","176584.0","1953.0","167701.0","1.16","585.0","0.35","94.97","1.0","4.0"
"2020","11","Bihar","10","17.0","Kutumba","SC","Sarun Paswan","MALE","25.0","SC","LJP","4.0","15.0","266974.0","11800.0","138825.0","8.5","7803.0","5.62","52.0","0.0","4.0"
"2017","3","Punjab","03","15.0","Amritsar North","GEN","Roop Lal","MALE","40.0","GEN","IND","6.0","13.0","175908.0","205.0","118084.0","0.17","2.0","0.0","67.13","0.0","4.0"
"2016","5","West Bengal","19","16.0","Raghunathpur","SC","Mahadeb Bauri","MALE","35.0","SC","BSP","7.0","6.0","234336.0","3187.0","192884.0","1.65","0.0","0.0","82.31","0.0","4.0"
"2019","4","Andhra Pradesh","28","15.0","Kalyandurg","GEN","Neelakantapuram Raghuveera Reddy","MALE","63.0","GEN","INC","3.0","16.0","219685.0","28883.0","190841.0","15.13","27329.0","14.32","86.87","0.0","4.0"
"2012","3","Punjab","03","14.0","Ajnala","GEN","Jagdish Kaur","FEMALE","45.0","GEN","BSP(A)","9.0","10.0","138531.0","231.0","115607.0","0.2","61.0","0.05","83.45","0.0","4.0"
"2012","12","Gujarat","24","12.0","Gadhada","SC","Maru Pravinbhai Tidabhai","MALE","49.0","SC","INC","2.0","10.0","221055.0","54959.0","145193.0","37.85","43247.0","29.79","65.68","0.0","4.0"
"2009","10","Haryana","06","11.0","Israna","SC","Balbir","MALE","35.0","SC","INC","2.0","9.0","128894.0","41725.0","94889.0","43.97","36623.0","38.6","73.62","0.0","4.0"
"2013","12","Rajasthan","08","14.0","Pipalda","GEN","Vidhyashankar Nandwana","MALE","55.0","GEN","BJP","1.0","9.0","174316.0","47089.0","127788.0","36.85","7749.0","6.06","73.31","0.0","4.0"
"2015","11","Bihar","10","16.0","Gaura Bauram","GEN","Tamanna Khan","MALE","32.0","GEN","GJDS","10.0","13.0","228697.0","1051.0","120370.0","0.87","3.0","0.0","52.63","0.0","4.0"
"2009","10","Haryana","06","11.0","Yamunanagar","GEN","Jarib Hassan","MALE","42.0","GEN","IND","8.0","15.0","153439.0","619.0","112899.0","0.55","85.0","0.08","73.58","0.0","4.0"
"2009","10","Maharashtra","27","11.0","Maval","GEN","Adv Navnath Kundlik Gade","MALE","51.0","GEN","BBM","7.0","9.0","280748.0","1356.0","183574.0","0.74","185.0","0.1","65.39","0.0","4.0"
"2014","5","Andhra Pradesh","28","14.0","Tirupati","GEN","Bandi. Ramesh Babu","MALE","46.0","SC","BSP","10.0","29.0","290107.0","575.0","172525.0","0.33","158.0","0.09","59.47","0.0","4.0"
"2009","10","Maharashtra","27","11.0","Hingna","GEN","Rajaram Gayaprasad Pande","MALE","48.0","GEN","BSP","3.0","15.0","275584.0","9262.0","161428.0","5.74","619.0","0.38","58.58","0.0","4.0"
"2020","11","Bihar","10","17.0","Rajauli","SC","Shravan Kumar","MALE","42.0","SC","IND","16.0","23.0","332577.0","662.0","167735.0","0.39","92.0","0.05","50.43","0.0","4.0"
"2021","5","Tamil Nadu","33","12.0","Alangudi","GEN","Nota","None","","GEN","NOTA","6.0","11.0","218990.0","702.0","171842.0","0.41","258.0","0.15","78.47","0.0","4.0"
"2012","3","Uttar Pradesh","09","16.0","Mehnaun","GEN","Dashrath","MALE","42.0","GEN","IND","8.0","16.0","318737.0","2021.0","178964.0","1.13","430.0","0.24","56.15","0.0","4.0"
"2017","3","Uttar Pradesh","09","17.0","Amethi","GEN","Kailash Yadav","MALE","38.0","GEN","IND","7.0","24.0","334587.0","1178.0","187717.0","0.63","184.0","0.1","56.1","0.0","4.0"
"2019","4","Andhra Pradesh","28","15.0","Madakasira","SC","K Aswarthanarayana","MALE","48.0","SC","INC","3.0","8.0","201881.0","6495.0","177103.0","3.67","3839.0","2.17","87.73","0.0","4.0"
"2014","12","Jharkhand","20","3.0","Ranchi","GEN","Rajiv Ranjan Mishra","MALE","53.0","GEN","JVM","4.0","17.0","305969.0","2622.0","148737.0","1.76","1565.0","1.05","48.61","0.0","4.0"
"2011","2","West Bengal","19","15.0","Bhatar","GEN","Konar Srijit","MALE","48.0","GEN","CPM","2.0","5.0","197674.0","83585.0","177377.0","47.12","77999.0","43.97","89.73","0.0","4.0"
"2020","11","Bihar","10","17.0","Mahua","GEN","Jaynarayan Sah","MALE","65.0","GEN","BJKVP","19.0","24.0","286501.0","652.0","171699.0","0.38","87.0","0.05","59.93","0.0","4.0"
"2010","5","Karnataka","29","8.0","Gulbarga Dakshin","GEN","S Kattoli","None","","GEN","IND","7.0","11.0","194199.0","612.0","115378.0","0.53","252.0","0.22","59.41","1.0","4.0"
"2011","5","Tamil Nadu","33","10.0","Veerapandi","GEN","Anbarasan V C","MALE","53.0","GEN","IJK","9.0","13.0","201660.0","259.0","179729.0","0.14","103.0","0.06","89.12","0.0","4.0"
"2012","3","Manipur","14","11.0","Henglep","ST","Sehpu Haokip","MALE","53.0","ST","NPF","3.0","6.0","27288.0","3326.0","17410.0","19.1","459.0","2.64","63.8","0.0","4.0"
"2012","3","Uttar Pradesh","09","16.0","Fatehpur Sikri","GEN","Chandrabhan","MALE","52.0","GEN","JD","14.0","16.0","307053.0","462.0","203064.0","0.23","11.0","0.01","66.13","0.0","4.0"
"2012","12","Gujarat","24","12.0","Patan","GEN","Thakor Ranjitbhai Chamanji","MALE","51.0","GEN","IND","11.0","15.0","232141.0","408.0","163632.0","0.25","27.0","0.02","70.49","0.0","4.0"
"2011","5","Tamil Nadu","33","10.0","Kalasapakkam","GEN","Rajendran M S","MALE","50.0","GEN","IJK","5.0","13.0","180390.0","1329.0","155790.0","0.85","6.0","0.0","86.36","0.0","4.0"
"2012","3","Uttar Pradesh","09","16.0","Gauriganj","GEN","Mohammad Nayeem","MALE","49.0","GEN","INC","2.0","23.0","309472.0","43784.0","181832.0","24.08","8891.0","4.89","58.76","0.0","4.0"
"2021","5","Assam","18","15.0","Jonai","ST","Phaniram Tayeng","MALE","67.0","ST","AJP","3.0","6.0","312941.0","7726.0","245158.0","3.15","1322.0","0.54","78.34","0.0","4.0"
"2012","12","Gujarat","24","12.0","Savarkundla","GEN","Maheshbhai Sudani","MALE","47.0","GEN","GPP","4.0","9.0","211793.0","14107.0","131496.0","10.73","199.0","0.15","62.09","0.0","4.0"
"2016","5","West Bengal","19","16.0","Domjur","GEN","Sabila Begum Sardar","FEMALE","41.0","GEN","IUC","6.0","8.0","259741.0","2438.0","219557.0","1.11","354.0","0.16","84.53","0.0","4.0"
"2013","12","Rajasthan","08","14.0","Khinwsar","GEN","Hanuman Beniwal","MALE","41.0","GEN","IND","1.0","9.0","203736.0","65399.0","156998.0","41.66","23020.0","14.66","77.06","0.0","4.0"
"2009","5","Andhra Pradesh","28","13.0","Charminar","GEN","Syed Ahmed Pasha Quadri","MALE","50.0","GEN","AIMIM","1.0","11.0","166938.0","43725.0","89955.0","48.61","10695.0","11.89","53.89","0.0","4.0"
"2013","5","Karnataka","29","9.0","Ranibennur","GEN","Arunkumar Pujar","MALE","35.0","GEN","BJP","5.0","14.0","200778.0","9476.0","159167.0","5.95","6501.0","4.08","79.28","0.0","4.0"
"2013","12","Rajasthan","08","14.0","Mandalgarh","GEN","Shiv Lal Harijan","MALE","32.0","GEN","JGP","8.0","8.0","200984.0","1639.0","165938.0","0.99","849.0","0.51","82.56","0.0","4.0"
"2015","11","Bihar","10","16.0","Jagdishpur","GEN","Chandradip Singh","MALE","59.0","GEN","CPI(ML)(L)","3.0","22.0","285267.0","18154.0","144930.0","12.53","9030.0","6.23","50.81","0.0","4.0"
"2013","12","Madhya Pradesh","23","14.0","Surkhi","GEN","Hafeez Bhai","MALE","44.0","GEN","CPI","6.0","17.0","184527.0","1483.0","136425.0","1.09","108.0","0.08","73.93","0.0","4.0"
"2017","12","Gujarat","24","13.0","Dangs","ST","Bhoye Yogeshbhai Soniravbhai","MALE","44.0","ST","AINHCP","6.0","5.0","166434.0","1277.0","122672.0","1.04","0.0","0.0","73.71","0.0","4.0"
"2018","12","Madhya Pradesh","23","15.0","Vijaypur","GEN","Kamlesh","MALE","","GEN","IND","11.0","15.0","220833.0","719.0","173505.0","0.41","176.0","0.1","78.57","0.0","4.0"
"2013","12","Rajasthan","08","14.0","Khandela","GEN","Ramdev Singh","MALE","48.0","GEN","IND","10.0","9.0","203289.0","613.0","149923.0","0.41","0.0","0.0","73.75","0.0","4.0"
"2018","12","Madhya Pradesh","23","15.0","Gwalior South","GEN","Gajendra Singh Kushwah","MALE","","GEN","RRM","11.0","15.0","252228.0","250.0","152430.0","0.16","71.0","0.05","60.43","0.0","4.0"
"2021","5","Puducherry","34","14.0","Neravy T.R. Pattinam","GEN","S Sellamuthu","MALE","40.0","GEN","IJK","10.0","9.0","31928.0","35.0","26006.0","0.13","0.0","0.0","81.45","0.0","4.0"
"2009","12","Jharkhand","20","2.0","Borio","ST","Rodrick Hembrom","MALE","43.0","ST","IND","9.0","15.0","203182.0","1337.0","113973.0","1.17","61.0","0.05","56.09","0.0","4.0"
"2011","5","Tamil Nadu","33","10.0","Mailam","GEN","Sivaraj M","MALE","29.0","GEN","JMM(U)","8.0","11.0","183634.0","503.0","151434.0","0.33","195.0","0.13","82.47","0.0","4.0"
"2014","5","Arunachal Pradesh","12","9.0","Yachuli","ST","Taba Nirmali","FEMALE","50.0","ST","NCP","2.0","3.0","15171.0","6615.0","13938.0","47.46","6046.0","43.38","91.87","0.0","4.0"
"2013","12","Rajasthan","08","14.0","Bagidora","ST","Khemraj Garasiya","MALE","47.0","ST","BJP","2.0","4.0","200317.0","66691.0","163941.0","40.68","59432.0","36.25","81.84","0.0","4.0"
"2017","3","Uttar Pradesh","09","17.0","Kanpur Cantonment","GEN","Ranjit Singh Sangar","MALE","32.0","GEN","SHS","6.0","15.0","335587.0","422.0","176462.0","0.24","29.0","0.02","52.58","0.0","4.0"
"2017","3","Uttar Pradesh","09","17.0","Baberu","GEN","Nota","None","","GEN","NOTA","4.0","7.0","327885.0","3559.0","193900.0","1.84","678.0","0.35","59.14","0.0","4.0"
"2018","12","Andhra Pradesh","28","2.0","Manakondur","SC","Nishani Ramachandram","MALE","","SC","BSP","6.0","13.0","202497.0","1520.0","172907.0","0.88","475.0","0.27","85.39","0.0","4.0"
"2015","11","Bihar","10","16.0","Marhaura","GEN","Jai Ram Ray","MALE","46.0","GEN","BSP","4.0","10.0","245613.0","4505.0","140120.0","3.22","458.0","0.33","57.05","0.0","4.0"
"2014","10","Maharashtra","27","12.0","Worli","GEN","Aslam Hanif Khot","MALE","49.0","GEN","IND","14.0","13.0","265091.0","128.0","148212.0","0.09","0.0","0.0","55.91","0.0","4.0"
"2012","12","Gujarat","24","12.0","Jamnagar Rural","GEN","Parmar Bhuralal Meghjibhai","MALE","58.0","GEN","IND","10.0","16.0","186173.0","715.0","135167.0","0.53","144.0","0.11","72.6","0.0","4.0"
"2012","3","Uttar Pradesh","09","16.0","Allahabad North","GEN","Ram Prakash","MALE","26.0","GEN","RJPK","16.0","16.0","354924.0","138.0","145138.0","0.1","0.0","0.0","40.89","0.0","4.0"
"2017","3","Uttar Pradesh","09","17.0","Akbarpur - Raniya","GEN","Balvan Singh","MALE","52.0","GEN","RLD","5.0","14.0","308135.0","1717.0","203207.0","0.84","526.0","0.26","65.95","0.0","4.0"
"2013","12","Chhattisgarh","22","3.0","Arang","SC","Shailendra Banjare Shaktiputra","MALE","38.0","SC","SSBD","11.0","10.0","176321.0","583.0","137094.0","0.43","0.0","0.0","77.75","0.0","4.0"
"2016","5","West Bengal","19","16.0","Magrahat Paschim","GEN","Md Rais Uddin Baidya","MALE","67.0","GEN","WPOI","5.0","10.0","201242.0","1427.0","172520.0","0.83","243.0","0.14","85.73","0.0","4.0"
"2016","5","West Bengal","19","16.0","Alipurduars","GEN","Biswa Ranjan Sarkar","MALE","67.0","GEN","INC","2.0","8.0","236134.0","77737.0","203446.0","38.21","57639.0","28.33","86.16","0.0","4.0"
"2009","10","Maharashtra","27","11.0","Kasba Peth","GEN","Milind Ramakant Ekbote","MALE","52.0","GEN","ABHM","6.0","20.0","317093.0","1027.0","155587.0","0.66","351.0","0.23","49.07","0.0","4.0"
"2016","5","Tamil Nadu","33","11.0","Ambattur","GEN","Ganesan N","MALE","47.0","GEN","IND","20.0","27.0","359345.0","117.0","229632.0","0.05","1.0","0.0","63.9","0.0","4.0"
"2020","11","Bihar","10","17.0","Kumhrarh","GEN","Rajesh Ranjan Pappu","MALE","40.0","GEN","JAPL","3.0","25.0","427427.0","4333.0","150744.0","2.87","2775.0","1.84","35.27","0.0","4.0"
"2013","12","Madhya Pradesh","23","14.0","Semariya","GEN","Rohit Tiwari","MALE","42.0","GEN","CPM","6.0","25.0","180683.0","2529.0","120551.0","2.1","822.0","0.68","66.72","0.0","4.0"
"2015","11","Bihar","10","16.0","Barhara","GEN","Aasha Devi","FEMALE","52.0","GEN","BJP","2.0","12.0","285928.0","51693.0","146612.0","35.26","38055.0","25.96","51.28","0.0","4.0"
"2019","10","Haryana","06","13.0","Pataudi","SC","Narender Singh Pahari","MALE","47.0","SC","IND","2.0","12.0","222465.0","24054.0","137194.0","17.53","4425.0","3.23","61.67","0.0","4.0"
"2016","5","Assam","18","14.0","Gauripur","GEN","Nijanur Rahman","MALE","43.0","GEN","AIUDF","1.0","11.0","179188.0","73423.0","160797.0","45.66","19911.0","12.38","89.74","0.0","4.0"
"2009","10","Maharashtra","27","11.0","Hadgaon","GEN","Suresh Sitaram Jadhav","MALE","41.0","GEN","IND","4.0","15.0","231275.0","2137.0","161827.0","1.32","220.0","0.14","69.97","0.0","4.0"
"2016","5","Kerala","32","15.0","Thrissur","GEN","M Pradeepan","MALE","42.0","GEN","SUCI","9.0","9.0","172358.0","111.0","127191.0","0.09","37.0","0.03","73.79","0.0","4.0"
"2009","10","Maharashtra","27","11.0","Maval","GEN","Bala Alias Sanjay Vishwanath Bhegade","MALE","33.0","GEN","BJP","1.0","9.0","280748.0","83158.0","183574.0","45.3","14318.0","7.8","65.39","0.0","4.0"
"2016","5","Puducherry","34","13.0","Oupalam","GEN","R Vijayakumar Baste","MALE","55.0","GEN","IND","9.0","14.0","26895.0","60.0","23545.0","0.25","28.0","0.12","87.54","0.0","4.0"
"2020","11","Bihar","10","17.0","Narkatiaganj","GEN","Manjeet Kumar Verma","MALE","54.0","GEN","RLSP","5.0","21.0","265561.0","2913.0","164615.0","1.77","862.0","0.52","61.99","0.0","4.0"
"2017","3","Punjab","03","15.0","Raja Sansi","GEN","Sharanjit Singh","MALE","40.0","GEN","IND","8.0","10.0","167203.0","478.0","132008.0","0.36","54.0","0.04","78.95","0.0","4.0"
"2018","3","Tripura","16","11.0","Karbook","ST","Nota","None","","ST","NOTA","4.0","6.0","34699.0","458.0","31972.0","1.43","242.0","0.76","92.14","0.0","4.0"
"2017","3","Uttar Pradesh","09","17.0","Baheri","GEN","Chinta Mani","MALE","50.0","GEN","IND","13.0","14.0","344388.0","316.0","247785.0","0.13","90.0","0.04","71.95","0.0","4.0"
"2015","3","Uttar Pradesh","09","16.0","Pharenda","GEN","Vinod","MALE","","GEN","SP","1.0","7.0","303960.0","64878.0","171641.0","37.8","9231.0","5.38","56.47","1.0","4.0"
"2009","10","Maharashtra","27","11.0","Arvi","GEN","Dadarao Yadavraoji Keche","MALE","55.0","GEN","BJP","1.0","11.0","231047.0","71694.0","155785.0","46.02","3130.0","2.01","67.43","0.0","4.0"
"2015","11","Bihar","10","16.0","Jale","GEN","Nota","None","","GEN","NOTA","5.0","13.0","285262.0","4566.0","148843.0","3.07","1599.0","1.07","52.18","0.0","4.0"
"2017","12","Gujarat","24","13.0","Kutiyana","GEN","Rathod Chandulal Mohanbhai","MALE","49.0","GEN","IND","9.0","12.0","199185.0","418.0","117895.0","0.35","173.0","0.15","59.19","0.0","4.0"
"2015","11","Bihar","10","16.0","Buxar","GEN","Surya Kumar Yadav","MALE","60.0","GEN","SP","20.0","29.0","277847.0","440.0","160594.0","0.27","42.0","0.03","57.8","0.0","4.0"
"2018","12","Telangana","36","2.0","Mudhole","GEN","Sharath Surya Vamshi","MALE","","GEN","IND","11.0","12.0","216784.0","701.0","183963.0","0.38","19.0","0.01","84.86","0.0","4.0"
"2012","3","Uttar Pradesh","09","16.0","Moradabad Rural","GEN","Anwer Ali","MALE","36.0","GEN","WPOI","14.0","20.0","305396.0","407.0","180626.0","0.23","12.0","0.01","59.14","0.0","4.0"
"2013","12","Madhya Pradesh","23","14.0","Gwalior East","GEN","Kapil Pal","MALE","28.0","GEN","IND","14.0","14.0","262764.0","108.0","143087.0","0.08","15.0","0.01","54.45","0.0","4.0"
"2013","12","Rajasthan","08","14.0","Phulera","GEN","Nota","None","","GEN","NOTA","4.0","6.0","206798.0","2606.0","154258.0","1.69","1181.0","0.77","74.59","0.0","4.0"
"2014","10","Maharashtra","27","12.0","Yavatmal","GEN","Dhale Manish Ramkrushna","MALE","41.0","GEN","IND","16.0","22.0","347558.0","369.0","202990.0","0.18","24.0","0.01","58.4","0.0","4.0"
"2015","2","Delhi","07","10.0","Trilokpuri","SC","Raju Dhingan","MALE","41.0","SC","AAAP","1.0","8.0","178214.0","74907.0","127778.0","58.62","29754.0","23.29","71.7","0.0","4.0"
"2009","10","Maharashtra","27","11.0","Malad West","GEN","Soosairaj Babu Anthony Chetty","MALE","34.0","GEN","AIADMK","8.0","15.0","279017.0","1582.0","118735.0","1.33","96.0","0.08","42.55","0.0","4.0"
"2013","12","Rajasthan","08","14.0","Udaipurwati","GEN","Rajendra Singh Naharsingh","MALE","37.0","GEN","IND","15.0","19.0","196498.0","312.0","146817.0","0.21","85.0","0.06","74.72","0.0","4.0"
"2015","2","Delhi","07","10.0","Chhatarpur","GEN","Amit Vaid","MALE","41.0","GEN","RLD","4.0","8.0","185092.0","627.0","124602.0","0.5","80.0","0.06","67.32","0.0","4.0"
"2013","12","Madhya Pradesh","23","14.0","Thandla","ST","Kasana Pargi","MALE","48.0","ST","IND","9.0","10.0","208780.0","1821.0","169065.0","1.08","211.0","0.12","80.98","0.0","4.0"
"2011","5","Tamil Nadu","33","10.0","Thiruporur","GEN","G Rajamuthu","MALE","29.0","GEN","IND","5.0","15.0","192007.0","1367.0","158639.0","0.86","465.0","0.29","82.62","0.0","4.0"
"2012","3","Punjab","03","14.0","Rajpura","GEN","Sandeepa Kamboj","FEMALE","34.0","GEN","IND","12.0","12.0","146674.0","252.0","111371.0","0.23","0.0","0.0","75.93","0.0","4.0"
"2014","12","Jammu And Kashmir","01","10.0","Surankote","GEN","Nota","None","","GEN","NOTA","6.0","10.0","86084.0","375.0","65845.0","0.57","4.0","0.01","76.49","0.0","4.0"
"2013","5","Karnataka","29","9.0","Belthangady","GEN","Venkatesha Bende","MALE","41.0","GEN","JD(U)","7.0","7.0","193864.0","1276.0","146229.0","0.87","0.0","0.0","75.43","0.0","4.0"
"2017","3","Uttar Pradesh","09","17.0","Rampur Maniharan","SC","Vishva Dayal Chhotan","MALE","36.0","SC","INC","3.0","11.0","297983.0","61787.0","218831.0","28.24","60931.0","27.84","73.44","0.0","4.0"
"2012","12","Gujarat","24","12.0","Bhavnagar East","GEN","Paunda Geeta Chetan","FEMALE","37.0","GEN","IND","6.0","10.0","211903.0","739.0","144327.0","0.51","33.0","0.02","68.11","0.0","4.0"
"2014","10","Maharashtra","27","12.0","Nagpur East","GEN","Mukesh Motiram Naonage","MALE","38.0","GEN","APoI","18.0","20.0","327400.0","186.0","184512.0","0.1","5.0","0.0","56.36","0.0","4.0"
"2018","5","Karnataka","29","10.0","Gauribidanur","GEN","Amjad Khan Nadim","MALE","","GEN","IND","13.0","13.0","200962.0","190.0","168670.0","0.11","29.0","0.02","83.93","0.0","4.0"
"2017","3","Uttar Pradesh","09","17.0","Sadar","GEN","Abhishesh","MALE","37.0","GEN","IND","11.0","13.0","324237.0","742.0","189249.0","0.39","43.0","0.02","58.37","0.0","4.0"
"2013","5","Karnataka","29","9.0","Koratagere","SC","M L Santhosh","MALE","34.0","SC","IND","5.0","13.0","181914.0","1388.0","152242.0","0.91","123.0","0.08","83.69","0.0","4.0"
"2013","5","Karnataka","29","9.0","Mandya","GEN","M P Munavar Shariff","MALE","55.0","GEN","IND","13.0","19.0","222941.0","279.0","152818.0","0.18","28.0","0.02","68.55","0.0","4.0"
"2018","12","Chhattisgarh","22","4.0","Bilha","GEN","Vijay Shankar Patre","MALE","","GEN","SP","12.0","29.0","266532.0","718.0","196363.0","0.37","34.0","0.02","73.67","0.0","4.0"
"2011","5","Tamil Nadu","33","10.0","Alangulam","GEN","A Gnana Arul","MALE","41.0","GEN","IND","11.0","12.0","203826.0","228.0","165134.0","0.14","28.0","0.02","81.02","0.0","4.0"
"2016","5","Tamil Nadu","33","11.0","Veerapandi","GEN","Jayakumar P","MALE","31.0","GEN","IND","12.0","15.0","239268.0","225.0","206718.0","0.11","87.0","0.04","86.4","0.0","4.0"
"2021","5","Tamil Nadu","33","12.0","Panruti","GEN","Krishnaraj S","MALE","31.0","GEN","IND","13.0","15.0","247548.0","68.0","197049.0","0.03","20.0","0.01","79.6","0.0","4.0"
"2016","5","West Bengal","19","16.0","Kulti","GEN","Kallol Ray","MALE","51.0","GEN","SUCI","6.0","6.0","230360.0","1629.0","168963.0","0.96","350.0","0.21","73.35","0.0","4.0"
"2011","5","Tamil Nadu","33","10.0","Kovilpatti","GEN","Arumairaj S","MALE","26.0","GEN","BSP","6.0","14.0","181097.0","1107.0","130723.0","0.85","39.0","0.03","72.18","0.0","4.0"
"2009","5","Andhra Pradesh","28","13.0","Devarakonda","ST","Ravindra Kumar Ramavath","MALE","37.0","ST","CPI","2.0","7.0","202733.0","57419.0","147251.0","38.99","40991.0","27.84","72.63","0.0","4.0"
"2016","5","West Bengal","19","16.0","Purulia","GEN","Dhiren Rajak","MALE","58.0","GEN","IND","7.0","12.0","227703.0","1199.0","182528.0","0.66","195.0","0.11","80.16","0.0","4.0"
"2016","5","Kerala","32","15.0","Tanur","GEN","Nota","None","","GEN","NOTA","9.0","13.0","176077.0","569.0","140838.0","0.4","397.0","0.28","79.99","0.0","4.0"
"2011","2","West Bengal","19","15.0","Tollygunj","GEN","Partha Pratim Biswas","MALE","45.0","GEN","CPM","2.0","6.0","234411.0","75063.0","182917.0","41.04","72132.0","39.43","78.03","0.0","4.0"
"2009","5","Andhra Pradesh","28","13.0","Dubbak","GEN","Gondhi Bhujangam","MALE","42.0","GEN","IND","9.0","12.0","181132.0","1166.0","142535.0","0.82","48.0","0.03","78.69","0.0","4.0"
"2012","3","Uttar Pradesh","09","16.0","Lucknow West","GEN","Rahul Kumar Verma","MALE","25.0","GEN","BJKD","14.0","23.0","340251.0","350.0","169342.0","0.21","20.0","0.01","49.77","0.0","4.0"
"2019","4","Andhra Pradesh","28","15.0","Guntur West","GEN","Nota","None","","None","NOTA","6.0","35.0","265258.0","769.0","174645.0","0.44","376.0","0.22","65.84","0.0","4.0"
"2021","5","Assam","18","15.0","Jalukbari","GEN","Himanta Biswa Sarma","MALE","52.0","GEN","BJP","1.0","5.0","205206.0","130762.0","168967.0","77.39","101911.0","60.31","82.34","0.0","4.0"
"2014","5","Andhra Pradesh","28","14.0","Visakhapatnam South","GEN","Shaik Abdul Muneer","MALE","55.0","GEN","AAAP","7.0","15.0","197541.0","554.0","129613.0","0.43","31.0","0.02","65.61","0.0","4.0"